PRAGMA foreign_keys=OFF;
BEGIN TRANSACTION;
CREATE TABLE IF NOT EXISTS "django_migrations" ("id" integer NOT NULL PRIMARY KEY AUTOINCREMENT, "app" varchar(255) NOT NULL, "name" varchar(255) NOT NULL, "applied" datetime NOT NULL);
INSERT INTO django_migrations VALUES(2,'contenttypes','0001_initial','2024-07-29 08:14:04.447236');
INSERT INTO django_migrations VALUES(3,'auth','0001_initial','2024-07-29 08:14:04.474130');
INSERT INTO django_migrations VALUES(4,'admin','0001_initial','2024-07-29 08:14:04.490479');
INSERT INTO django_migrations VALUES(5,'admin','0002_logentry_remove_auto_add','2024-07-29 08:14:04.506668');
INSERT INTO django_migrations VALUES(6,'admin','0003_logentry_add_action_flag_choices','2024-07-29 08:14:04.558023');
INSERT INTO django_migrations VALUES(7,'contenttypes','0002_remove_content_type_name','2024-07-29 08:14:04.585865');
INSERT INTO django_migrations VALUES(8,'auth','0002_alter_permission_name_max_length','2024-07-29 08:14:04.602920');
INSERT INTO django_migrations VALUES(9,'auth','0003_alter_user_email_max_length','2024-07-29 08:14:04.618782');
INSERT INTO django_migrations VALUES(10,'auth','0004_alter_user_username_opts','2024-07-29 08:14:04.631143');
INSERT INTO django_migrations VALUES(11,'auth','0005_alter_user_last_login_null','2024-07-29 08:14:04.647309');
INSERT INTO django_migrations VALUES(12,'auth','0006_require_contenttypes_0002','2024-07-29 08:14:04.651975');
INSERT INTO django_migrations VALUES(13,'auth','0007_alter_validators_add_error_messages','2024-07-29 08:14:04.710773');
INSERT INTO django_migrations VALUES(14,'auth','0008_alter_user_username_max_length','2024-07-29 08:14:04.728767');
INSERT INTO django_migrations VALUES(15,'auth','0009_alter_user_last_name_max_length','2024-07-29 08:14:04.743967');
INSERT INTO django_migrations VALUES(16,'auth','0010_alter_group_name_max_length','2024-07-29 08:14:04.761107');
INSERT INTO django_migrations VALUES(17,'auth','0011_update_proxy_permissions','2024-07-29 08:14:04.777394');
INSERT INTO django_migrations VALUES(18,'auth','0012_alter_user_first_name_max_length','2024-07-29 08:14:04.807768');
INSERT INTO django_migrations VALUES(19,'base','0001_initial','2024-07-29 08:14:04.836693');
INSERT INTO django_migrations VALUES(20,'exhibition','0001_initial','2024-07-29 08:14:04.846432');
INSERT INTO django_migrations VALUES(21,'financing','0001_initial','2024-07-29 08:14:04.870264');
INSERT INTO django_migrations VALUES(22,'project','0001_initial','2024-07-29 08:14:04.889117');
INSERT INTO django_migrations VALUES(23,'sessions','0001_initial','2024-07-29 08:14:04.900192');
INSERT INTO django_migrations VALUES(24,'about','0002_alter_historydetail_url_alter_historydetail_url_en_and_more','2024-07-29 08:40:14.417779');
INSERT INTO django_migrations VALUES(25,'about','0002_gallery_image_en_gallery_image_ky_gallery_image_ru','2024-07-29 08:56:34.516097');
INSERT INTO django_migrations VALUES(26,'about','0002_remove_gallery_image_en_remove_gallery_image_ky_and_more','2024-07-29 09:00:59.363401');
INSERT INTO django_migrations VALUES(27,'base','0002_about_the_forum_what_will_title_remove_video_url_2_and_more','2024-07-29 12:19:07.001484');
INSERT INTO django_migrations VALUES(28,'exhibition','0002_slider_image_2_slider_image_2_en_slider_image_2_ky_and_more','2024-07-30 07:07:03.782506');
INSERT INTO django_migrations VALUES(29,'about','0003_gallery_image_en_gallery_image_ky_gallery_image_ru','2024-07-30 10:49:10.493941');
INSERT INTO django_migrations VALUES(30,'about','0004_remove_gallery_image_en_remove_gallery_image_ky_and_more','2024-07-30 10:51:54.521707');
INSERT INTO django_migrations VALUES(35,'about','0001_initial','2024-07-30 11:34:46.136266');
INSERT INTO django_migrations VALUES(36,'about','0002_gallerytitle_remove_gallery_title_and_more','2024-07-30 11:34:46.162045');
INSERT INTO django_migrations VALUES(37,'project','0002_alter_scroll_image_alter_scroll_image_en_and_more','2024-08-01 10:00:12.738956');
INSERT INTO django_migrations VALUES(38,'financing','0002_remove_sector_name_en_remove_sector_name_ky_and_more','2024-08-01 10:20:50.306326');
INSERT INTO django_migrations VALUES(39,'financing','0003_tabletitle_remove_table_descriptions_and_more','2024-08-01 10:47:04.168987');
INSERT INTO django_migrations VALUES(40,'financing','0004_alter_table_options','2024-08-01 11:15:59.124456');
INSERT INTO django_migrations VALUES(41,'base','0002_rename_what_will_whatwill','2024-08-01 11:24:10.349947');
INSERT INTO django_migrations VALUES(42,'base','0002_alter_about_the_forum_options_alter_slider_options_and_more','2024-08-01 17:50:29.649145');
INSERT INTO django_migrations VALUES(43,'base','0003_alter_banner_options_alter_banner_descriptions_and_more','2024-08-01 17:57:42.316071');
INSERT INTO django_migrations VALUES(44,'base','0004_alter_base_options_alter_slider_options_and_more','2024-08-01 18:37:46.904387');
INSERT INTO django_migrations VALUES(45,'base','0005_alter_what_will_title_options_alter_whatwill_options_and_more','2024-08-01 18:56:19.944557');
INSERT INTO django_migrations VALUES(46,'about','0003_alter_about_options_alter_aboutbanner_options_and_more','2024-08-02 07:12:41.515454');
INSERT INTO django_migrations VALUES(47,'exhibition','0003_alter_exhibition_options_alter_slider_options_and_more','2024-08-02 07:12:41.553440');
INSERT INTO django_migrations VALUES(48,'financing','0005_alter_financing_options_alter_legalname_options_and_more','2024-08-02 07:12:41.623163');
INSERT INTO django_migrations VALUES(49,'project','0003_alter_businessproject_options_alter_project_options_and_more','2024-08-02 07:12:41.746869');
INSERT INTO django_migrations VALUES(50,'base','0006_alter_video_descriptions_alter_video_descriptions_en_and_more','2024-08-05 13:54:30.194693');
INSERT INTO django_migrations VALUES(51,'base','0007_alter_video_descriptions_alter_video_descriptions_en_and_more','2024-08-05 13:56:08.739816');
INSERT INTO django_migrations VALUES(52,'base','0002_slidertitle_alter_about_the_forum_options_and_more','2024-08-06 08:31:48');
INSERT INTO django_migrations VALUES(53,'base','0003_alter_slider_slidertitle','2024-08-06 08:32:09.095322');
INSERT INTO django_migrations VALUES(54,'base','0002_alter_slidertitle_title_alter_slidertitle_title_en_and_more','2024-08-06 08:46:13.551694');
INSERT INTO django_migrations VALUES(55,'base','0003_alter_slidertitle_title_alter_slidertitle_title_en_and_more','2024-08-06 08:48:17.565105');
INSERT INTO django_migrations VALUES(56,'base','0004_alter_slider_slidertitle','2024-08-06 08:49:02.578361');
INSERT INTO django_migrations VALUES(57,'base','0005_alter_slidertitle_title_alter_slidertitle_title_en_and_more','2024-08-06 08:49:34.318181');
INSERT INTO django_migrations VALUES(58,'financing','0006_image_remove_tabletitle_table_delete_table_and_more','2024-08-06 09:08:18.219854');
INSERT INTO django_migrations VALUES(59,'base','0006_alter_slider_slidertitle','2024-08-06 09:14:30.218492');
INSERT INTO django_migrations VALUES(60,'financing','0007_nameinfo_imageform','2024-08-06 09:35:22.999511');
CREATE TABLE IF NOT EXISTS "auth_group_permissions" ("id" integer NOT NULL PRIMARY KEY AUTOINCREMENT, "group_id" integer NOT NULL REFERENCES "auth_group" ("id") DEFERRABLE INITIALLY DEFERRED, "permission_id" integer NOT NULL REFERENCES "auth_permission" ("id") DEFERRABLE INITIALLY DEFERRED);
CREATE TABLE IF NOT EXISTS "auth_user_groups" ("id" integer NOT NULL PRIMARY KEY AUTOINCREMENT, "user_id" integer NOT NULL REFERENCES "auth_user" ("id") DEFERRABLE INITIALLY DEFERRED, "group_id" integer NOT NULL REFERENCES "auth_group" ("id") DEFERRABLE INITIALLY DEFERRED);
CREATE TABLE IF NOT EXISTS "auth_user_user_permissions" ("id" integer NOT NULL PRIMARY KEY AUTOINCREMENT, "user_id" integer NOT NULL REFERENCES "auth_user" ("id") DEFERRABLE INITIALLY DEFERRED, "permission_id" integer NOT NULL REFERENCES "auth_permission" ("id") DEFERRABLE INITIALLY DEFERRED);
CREATE TABLE IF NOT EXISTS "django_admin_log" ("id" integer NOT NULL PRIMARY KEY AUTOINCREMENT, "object_id" text NULL, "object_repr" varchar(200) NOT NULL, "action_flag" smallint unsigned NOT NULL CHECK ("action_flag" >= 0), "change_message" text NOT NULL, "content_type_id" integer NULL REFERENCES "django_content_type" ("id") DEFERRABLE INITIALLY DEFERRED, "user_id" integer NOT NULL REFERENCES "auth_user" ("id") DEFERRABLE INITIALLY DEFERRED, "action_time" datetime NOT NULL);
INSERT INTO django_admin_log VALUES(1,'1','истории',1,'[{"added": {}}]',15,1,'2024-07-29 08:34:15.149118');
INSERT INTO django_admin_log VALUES(2,'1','2015 - «РАЗБУДИ ДЕНЬГИ!»',1,'[{"added": {}}]',16,1,'2024-07-29 08:36:08.584717');
INSERT INTO django_admin_log VALUES(3,'2','2016 - «Место встречи предпринимателя и инвестора»',1,'[{"added": {}}]',16,1,'2024-07-29 08:36:49.930006');
INSERT INTO django_admin_log VALUES(4,'1','2015 - «РАЗБУДИ ДЕНЬГИ!»',2,'[{"changed": {"fields": ["\u041a\u043e\u043b\u0438\u0447\u0435\u0441\u0442\u0432\u043e \u0437\u0430\u044f\u0432\u043b\u0435\u043d\u043d\u044b\u0445 \u043f\u0440\u043e\u0435\u043a\u0442\u043e [ru]"]}}]',16,1,'2024-07-29 08:37:05.724187');
INSERT INTO django_admin_log VALUES(5,'2','2016 - «Место встречи предпринимателя и инвестора»',2,'[]',16,1,'2024-07-29 08:37:20.714842');
INSERT INTO django_admin_log VALUES(6,'1','2015 - «РАЗБУДИ ДЕНЬГИ!»',2,'[{"changed": {"fields": ["\u0412\u0438\u0434\u0435\u043e [ky]"]}}]',16,1,'2024-07-29 08:37:28.081021');
INSERT INTO django_admin_log VALUES(7,'2','2016 - «Место встречи предпринимателя и инвестора»',2,'[{"changed": {"fields": ["\u0412\u0438\u0434\u0435\u043e [ky]"]}}]',16,1,'2024-07-29 08:37:40.262540');
INSERT INTO django_admin_log VALUES(8,'3','2017',1,'[{"added": {}}]',16,1,'2024-07-29 08:40:18.982213');
INSERT INTO django_admin_log VALUES(9,'3','2017',2,'[{"changed": {"fields": ["\u0412\u0438\u0434\u0435\u043e [ky]"]}}]',16,1,'2024-07-29 08:41:57.900839');
INSERT INTO django_admin_log VALUES(10,'3','2017',2,'[{"changed": {"fields": ["\u0412\u0438\u0434\u0435\u043e [en]"]}}]',16,1,'2024-07-29 08:42:04.791203');
INSERT INTO django_admin_log VALUES(11,'4','2019 - «The Future is Now»',1,'[{"added": {}}]',16,1,'2024-07-29 08:42:38.823682');
INSERT INTO django_admin_log VALUES(12,'5','2022 - «DAVOS в Центральной Азии»',1,'[{"added": {}}]',16,1,'2024-07-29 08:43:13.860575');
INSERT INTO django_admin_log VALUES(13,'1','2,5 млн',1,'[{"added": {}}]',17,1,'2024-07-29 08:48:03.922331');
INSERT INTO django_admin_log VALUES(14,'2','500',1,'[{"added": {}}]',17,1,'2024-07-29 08:48:28.941786');
INSERT INTO django_admin_log VALUES(15,'3','10',1,'[{"added": {}}]',17,1,'2024-07-29 08:48:43.605275');
INSERT INTO django_admin_log VALUES(16,'4','2500',1,'[{"added": {}}]',17,1,'2024-07-29 08:48:56.286513');
INSERT INTO django_admin_log VALUES(17,'1','Бишкекский Инвестиционный Форум',1,'[{"added": {}}]',13,1,'2024-07-29 08:56:17.129596');
INSERT INTO django_admin_log VALUES(18,'1','Бизнес-проекты',1,'[{"added": {}}]',23,1,'2024-07-29 09:01:21.737870');
INSERT INTO django_admin_log VALUES(19,'1','Выставка',1,'[{"added": {}}]',27,1,'2024-07-29 10:20:15.417536');
INSERT INTO django_admin_log VALUES(20,'1','Бизнес-проекты',1,'[{"added": {}}]',7,1,'2024-07-29 10:23:27.756324');
INSERT INTO django_admin_log VALUES(21,'1','О проекте',1,'[{"added": {}}]',12,1,'2024-07-29 10:25:03.035686');
INSERT INTO django_admin_log VALUES(22,'1','Источники финансирования',1,'[{"added": {}}]',18,1,'2024-07-29 10:26:28.585942');
INSERT INTO django_admin_log VALUES(23,'1','Акционерное общество микрокредитная компания «Фонд развития предпринимательства».',1,'[{"added": {}}]',21,1,'2024-07-29 10:27:45.834995');
INSERT INTO django_admin_log VALUES(24,'2','Европейский Банк Реконструкции и развития',1,'[{"added": {}}]',21,1,'2024-07-29 10:27:58.154430');
INSERT INTO django_admin_log VALUES(25,'2','Европейский Банк Реконструкции и развития',3,'',21,1,'2024-07-29 10:30:46.196412');
INSERT INTO django_admin_log VALUES(26,'1','Акционерное общество микрокредитная компания «Фонд развития предпринимательства».',3,'',21,1,'2024-07-29 10:30:46.200973');
INSERT INTO django_admin_log VALUES(27,'1','/media/slider_exhibition/DSC02778_1.jpg',1,'[{"added": {}}]',28,1,'2024-07-29 11:56:53.245238');
INSERT INTO django_admin_log VALUES(28,'1','Юридическое название',1,'[{"added": {}}]',19,1,'2024-07-29 12:03:03.327725');
INSERT INTO django_admin_log VALUES(29,'1','Укажите сектор',1,'[{"added": {}}]',20,1,'2024-07-29 12:05:40.728595');
INSERT INTO django_admin_log VALUES(30,'1','ФИО',1,'[{"added": {}}]',22,1,'2024-07-29 12:08:10.053099');
INSERT INTO django_admin_log VALUES(31,'1','ФИО',2,'[]',22,1,'2024-07-29 12:14:25.474296');
INSERT INTO django_admin_log VALUES(32,'2','ОсОО',1,'[{"added": {}}]',19,1,'2024-07-29 12:27:23.496419');
INSERT INTO django_admin_log VALUES(33,'3','АО',1,'[{"added": {}}]',19,1,'2024-07-29 12:27:33.312974');
INSERT INTO django_admin_log VALUES(34,'4','ЗАО',1,'[{"added": {}}]',19,1,'2024-07-29 12:27:44.509330');
INSERT INTO django_admin_log VALUES(35,'5','КХ',1,'[{"added": {}}]',19,1,'2024-07-29 12:27:54.359993');
INSERT INTO django_admin_log VALUES(36,'6','ИП',1,'[{"added": {}}]',19,1,'2024-07-29 12:28:01.487883');
INSERT INTO django_admin_log VALUES(37,'2','Сельское хозяйство (растениеводство, животноводство, рыбоводство, Птицеводство)',1,'[{"added": {}}]',20,1,'2024-07-29 12:29:12.757519');
INSERT INTO django_admin_log VALUES(38,'3','Промышленность (производство товаров и продуктов, обрабатывающая промышленность, добывающая промышленность)',1,'[{"added": {}}]',20,1,'2024-07-29 12:29:38.945668');
INSERT INTO django_admin_log VALUES(39,'4','Строительство',1,'[{"added": {}}]',20,1,'2024-07-29 12:29:49.542423');
INSERT INTO django_admin_log VALUES(40,'5','Транспорт и логистика',1,'[{"added": {}}]',20,1,'2024-07-29 12:30:06.989797');
INSERT INTO django_admin_log VALUES(41,'6','Торговля (розничная торговля, оптовая торговля, электронная коммерция)',1,'[{"added": {}}]',20,1,'2024-07-29 12:30:50.372494');
INSERT INTO django_admin_log VALUES(42,'7','Туризм и гостиничный бизнес',1,'[{"added": {}}]',20,1,'2024-07-29 12:30:57.821974');
INSERT INTO django_admin_log VALUES(43,'8','Информационные технологии, IT',1,'[{"added": {}}]',20,1,'2024-07-29 12:31:05.313873');
INSERT INTO django_admin_log VALUES(44,'9','Финансовые услуги',1,'[{"added": {}}]',20,1,'2024-07-29 12:31:14.224191');
INSERT INTO django_admin_log VALUES(45,'10','Образование',1,'[{"added": {}}]',20,1,'2024-07-29 12:31:20.860528');
INSERT INTO django_admin_log VALUES(46,'11','Здравоохранение',1,'[{"added": {}}]',20,1,'2024-07-29 12:31:27.263189');
INSERT INTO django_admin_log VALUES(47,'12','Энергетика',1,'[{"added": {}}]',20,1,'2024-07-29 12:31:36.877540');
INSERT INTO django_admin_log VALUES(48,'13','Ресторанный бизнес и общепит',1,'[{"added": {}}]',20,1,'2024-07-29 12:31:51.980333');
INSERT INTO django_admin_log VALUES(49,'14','Услуги (консалтинг, рекламные и маркетинговые услуги, юридические услуги)',1,'[{"added": {}}]',20,1,'2024-07-29 12:32:00.109583');
INSERT INTO django_admin_log VALUES(50,'15','Какой фонд интересует (выбор фонда)',1,'[{"added": {}}]',20,1,'2024-07-29 12:32:09.145851');
INSERT INTO django_admin_log VALUES(51,'16','Ваши контакты',1,'[{"added": {}}]',20,1,'2024-07-29 12:32:17.852303');
INSERT INTO django_admin_log VALUES(52,'17','Ваша e-mail почта',1,'[{"added": {}}]',20,1,'2024-07-29 12:32:24.786872');
INSERT INTO django_admin_log VALUES(53,'1','ФИО',2,'[{"changed": {"fields": ["\u042e\u0440\u0438\u0434\u0438\u0447\u0435\u0441\u043a\u043e\u0435 \u043d\u0430\u0437\u0432\u0430\u043d\u0438\u0435", "\u0423\u043a\u0430\u0436\u0438\u0442\u0435 \u0441\u0435\u043a\u0442\u043e\u0440"]}}]',22,1,'2024-07-29 12:33:33.176914');
INSERT INTO django_admin_log VALUES(54,'5','/media/slider_exhibition/slider4_f0aUDTg.png',3,'',28,1,'2024-07-30 07:09:55.763824');
INSERT INTO django_admin_log VALUES(55,'4','/media/slider_exhibition/slider4.png',3,'',28,1,'2024-07-30 07:10:00.760003');
INSERT INTO django_admin_log VALUES(56,'3','/media/slider_exhibition/slider3.png',3,'',28,1,'2024-07-30 07:10:00.764035');
INSERT INTO django_admin_log VALUES(57,'2','/media/slider_exhibition/slider2.png',3,'',28,1,'2024-07-30 07:10:00.769915');
INSERT INTO django_admin_log VALUES(58,'1','/media/slider_exhibition/DSC02778_1.jpg',3,'',28,1,'2024-07-30 07:10:00.773365');
INSERT INTO django_admin_log VALUES(59,'1','предоставить все необходимые документы, подтверждающие законность деятельности юридического лица.',1,'[{"added": {}}]',24,1,'2024-07-30 11:21:17.657333');
INSERT INTO django_admin_log VALUES(60,'1','Участие открыто для всех предпринимателей с действующим бизнесом!',1,'[{"added": {}}]',26,1,'2024-07-30 11:21:55.410947');
INSERT INTO django_admin_log VALUES(61,'1','Фотографии',1,'[{"added": {}}]',31,1,'2024-07-30 11:34:51.445899');
INSERT INTO django_admin_log VALUES(62,'1','/media/image/image-removebg-preview_sb17HhS.png',1,'[{"added": {}}]',14,1,'2024-07-30 11:36:22.822029');
INSERT INTO django_admin_log VALUES(63,'1','/media/image/image-removebg-preview_sb17HhS.png',3,'',14,1,'2024-07-30 11:36:35.564623');
INSERT INTO django_admin_log VALUES(64,'1','Бишкекский Инвестиционный Форум',1,'[{"added": {}}]',13,1,'2024-07-30 11:50:46.089309');
INSERT INTO django_admin_log VALUES(65,'1','истории',1,'[{"added": {}}]',15,1,'2024-07-30 11:55:35.849223');
INSERT INTO django_admin_log VALUES(66,'1','Истории',2,'[{"changed": {"fields": ["\u0417\u0430\u0433\u043e\u043b\u043e\u0432\u043e\u043a [ru]", "\u041e\u043f\u0438\u0441\u0430\u043d\u0438\u0435 [ru]"]}}]',15,1,'2024-07-30 11:56:35.645179');
INSERT INTO django_admin_log VALUES(67,'1','2015 - «РАЗБУДИ ДЕНЬГИ!»',1,'[{"added": {}}]',16,1,'2024-07-30 11:57:34.261635');
INSERT INTO django_admin_log VALUES(68,'2','2016 - «Место встречи предпринимателя и инвестора»',1,'[{"added": {}}]',16,1,'2024-07-30 11:58:23.535649');
INSERT INTO django_admin_log VALUES(69,'1','2015 - «РАЗБУДИ ДЕНЬГИ!»',2,'[{"changed": {"fields": ["\u0412\u0438\u0434\u0435\u043e [ky]"]}}]',16,1,'2024-07-30 11:58:36.128860');
INSERT INTO django_admin_log VALUES(70,'3','2017',1,'[{"added": {}}]',16,1,'2024-07-30 12:01:02.542896');
INSERT INTO django_admin_log VALUES(71,'4','2019 - «The Future is Now»',1,'[{"added": {}}]',16,1,'2024-07-30 12:01:37.606803');
INSERT INTO django_admin_log VALUES(72,'5','2022 - «DAVOS в Центральной Азии»',1,'[{"added": {}}]',16,1,'2024-07-30 12:02:11.967335');
INSERT INTO django_admin_log VALUES(73,'1','О проекте',1,'[{"added": {}}]',12,1,'2024-07-30 12:03:20.478375');
INSERT INTO django_admin_log VALUES(74,'1','20 млн $',1,'[{"added": {}}]',17,1,'2024-07-30 12:07:14.007588');
INSERT INTO django_admin_log VALUES(75,'2','198',1,'[{"added": {}}]',17,1,'2024-07-30 12:08:11.919035');
INSERT INTO django_admin_log VALUES(76,'3','44',1,'[{"added": {}}]',17,1,'2024-07-30 12:09:23.861309');
INSERT INTO django_admin_log VALUES(77,'2','/media/image/image_2024-07-30_17-32-31_BMNUFfv.png',1,'[{"added": {}}]',14,1,'2024-07-30 12:10:04.416926');
INSERT INTO django_admin_log VALUES(78,'3','/media/image/image_2024-07-30_17-32-31_I7n5CTL.png',1,'[{"added": {}}]',14,1,'2024-07-30 12:10:36.537196');
INSERT INTO django_admin_log VALUES(79,'4','/media/image/image_2024-07-30_17-32-31_PKT3A75.png',1,'[{"added": {}}]',14,1,'2024-07-30 12:10:44.794869');
INSERT INTO django_admin_log VALUES(80,'5','/media/image/image_2024-07-30_17-32-31_L8YqgGE.png',1,'[{"added": {}}]',14,1,'2024-07-30 12:11:15.029078');
INSERT INTO django_admin_log VALUES(81,'1','предоставить все необходимые документы, подтверждающие законность деятельности юридического лица.',2,'[]',24,1,'2024-08-01 09:48:41.470094');
INSERT INTO django_admin_log VALUES(82,'2','предоставить все необходимые документы, подтверждающие законность деятельности юридического лица.',1,'[{"added": {}}]',24,1,'2024-08-01 10:00:30.885757');
INSERT INTO django_admin_log VALUES(83,'2','предоставить все необходимые документы, подтверждающие законность деятельности юридического лица.',3,'',24,1,'2024-08-01 10:01:58.933032');
INSERT INTO django_admin_log VALUES(84,'3','Крайний срок подачи заявок: 05.09.2024 до 18:00',1,'[{"added": {}}]',24,1,'2024-08-01 10:03:25.043008');
INSERT INTO django_admin_log VALUES(85,'4','За дополнительной информацией: +996 999 895 362',1,'[{"added": {}}]',24,1,'2024-08-01 10:05:00.127073');
INSERT INTO django_admin_log VALUES(86,'1','https://www.youtube.com/watch?si=4g5GUTC3o2QWY4of&v=4UPVSX9ymyg&feature=youtu.be',1,'[{"added": {}}]',10,1,'2024-08-01 10:10:26.965163');
INSERT INTO django_admin_log VALUES(87,'2','https://www.youtube.com/watch?v=yBJ3AlRBAw8',1,'[{"added": {}}]',10,1,'2024-08-01 10:11:11.310840');
INSERT INTO django_admin_log VALUES(88,'1','Base',1,'[{"added": {}}]',8,1,'2024-08-01 10:14:21.127630');
INSERT INTO django_admin_log VALUES(89,'1','предоставить все необходимые документы, подтверждающие законность деятельности юридического лица.',2,'[{"changed": {"fields": ["\u0424\u043e\u0442\u043e [ru]", "\u0424\u043e\u0442\u043e [ky]", "\u0424\u043e\u0442\u043e [en]"]}}]',24,1,'2024-08-01 10:28:55.264607');
INSERT INTO django_admin_log VALUES(90,'1','предоставить все необходимые документы, подтверждающие законность деятельности юридического лица.',2,'[]',24,1,'2024-08-01 10:29:04.896639');
INSERT INTO django_admin_log VALUES(91,'1','Предоставить все необходимые документы, подтверждающие законность деятельности юридического лица.',2,'[{"changed": {"fields": ["\u041e\u043f\u0438\u0441\u0430\u043d\u0438\u0435 [ru]", "\u0424\u043e\u0442\u043e [ru]", "\u0424\u043e\u0442\u043e [ky]", "\u0424\u043e\u0442\u043e [en]"]}}]',24,1,'2024-08-01 10:31:16.088220');
INSERT INTO django_admin_log VALUES(92,'3','Крайний срок подачи заявок: 05.09.2024 до 18:00',2,'[{"changed": {"fields": ["\u0424\u043e\u0442\u043e [ru]", "\u0424\u043e\u0442\u043e [ky]", "\u0424\u043e\u0442\u043e [en]"]}}]',24,1,'2024-08-01 10:31:46.649805');
INSERT INTO django_admin_log VALUES(93,'3','Крайний срок подачи заявок: 05.09.2024 до 18:00',2,'[{"changed": {"fields": ["\u0424\u043e\u0442\u043e [ru]", "\u0424\u043e\u0442\u043e [ky]", "\u0424\u043e\u0442\u043e [en]"]}}]',24,1,'2024-08-01 10:31:46.854891');
INSERT INTO django_admin_log VALUES(94,'4','За дополнительной информацией: +996 999 895 362',2,'[{"changed": {"fields": ["\u0424\u043e\u0442\u043e [ru]", "\u0424\u043e\u0442\u043e [ky]", "\u0424\u043e\u0442\u043e [en]"]}}]',24,1,'2024-08-01 10:32:11.212790');
INSERT INTO django_admin_log VALUES(95,'1','О форуме',1,'[{"added": {}}]',29,1,'2024-08-01 10:33:13.993118');
INSERT INTO django_admin_log VALUES(96,'1','What_will_title object (1)',1,'[{"added": {}}]',30,1,'2024-08-01 11:07:48.538025');
INSERT INTO django_admin_log VALUES(97,'1','24-25 октябрь 2024',2,'[{"changed": {"fields": ["\u0424\u043e\u0442\u043e \u0431\u0430\u043d\u043d\u0435\u0440\u0430", "\u0417\u0430\u0433\u043e\u043b\u043e\u0432\u043e\u043a [ru]", "\u041e\u043f\u0438\u0441\u0430\u043d\u0438\u0435 [ru]", "\u0417\u0430\u0433\u043e\u043b\u043e\u0432\u043e\u043a [en]", "\u041e\u043f\u0438\u0441\u0430\u043d\u0438\u0435 [en]", "\u0417\u0430\u0433\u043e\u043b\u043e\u0432\u043e\u043a [ky]", "\u041e\u043f\u0438\u0441\u0430\u043d\u0438\u0435 [ky]"]}}]',7,1,'2024-08-01 11:34:08.267953');
INSERT INTO django_admin_log VALUES(98,'1','Что вас будет ждать на главном бизнес событии года?',2,'[]',30,1,'2024-08-01 11:36:22.860555');
INSERT INTO django_admin_log VALUES(99,'1','Акционерное общество микрокредитная компания «Фонд развития предпринимательства».',1,'[{"added": {}}]',21,1,'2024-08-01 11:40:03.608457');
INSERT INTO django_admin_log VALUES(100,'1','Название',1,'[{"added": {}}]',33,1,'2024-08-01 11:40:09.532662');
INSERT INTO django_admin_log VALUES(101,'1','Название',2,'[{"changed": {"fields": ["\u0417\u0430\u0433\u043e\u043b\u043e\u0432\u043e\u043a [en]", "\u0417\u0430\u0433\u043e\u043b\u043e\u0432\u043e\u043a [ky]"]}}]',33,1,'2024-08-01 11:40:57.988323');
INSERT INTO django_admin_log VALUES(102,'2','Европейский Банк Реконструкции и развития',1,'[{"added": {}}]',21,1,'2024-08-01 11:41:19.822796');
INSERT INTO django_admin_log VALUES(103,'2','Название',1,'[{"added": {}}]',33,1,'2024-08-01 11:41:37.996241');
INSERT INTO django_admin_log VALUES(104,'3','Российско-Кыргызский Фонд Развития',1,'[{"added": {}}]',21,1,'2024-08-01 11:42:02.876247');
INSERT INTO django_admin_log VALUES(105,'3','Название',1,'[{"added": {}}]',33,1,'2024-08-01 11:42:12.093814');
INSERT INTO django_admin_log VALUES(106,'4','Accelerate Prosperity (AP)',1,'[{"added": {}}]',21,1,'2024-08-01 11:42:24.258338');
INSERT INTO django_admin_log VALUES(107,'4','Название',1,'[{"added": {}}]',33,1,'2024-08-01 11:42:53.056625');
INSERT INTO django_admin_log VALUES(108,'5','Венгерско - Кыргызский фонд развития',1,'[{"added": {}}]',21,1,'2024-08-01 11:43:04.464333');
INSERT INTO django_admin_log VALUES(109,'5','Название',1,'[{"added": {}}]',33,1,'2024-08-01 11:43:08.743906');
INSERT INTO django_admin_log VALUES(110,'6','BT Innovations',1,'[{"added": {}}]',21,1,'2024-08-01 11:43:17.456273');
INSERT INTO django_admin_log VALUES(111,'6','Название',1,'[{"added": {}}]',33,1,'2024-08-01 11:43:25.221902');
INSERT INTO django_admin_log VALUES(112,'7','Узбекско - Кыргызский фонд развития',1,'[{"added": {}}]',21,1,'2024-08-01 11:43:35.771264');
INSERT INTO django_admin_log VALUES(113,'7','Название',1,'[{"added": {}}]',33,1,'2024-08-01 11:43:39.216557');
INSERT INTO django_admin_log VALUES(114,'1','предоставить все необходимые документы, подтверждающие законность деятельности юридического лица.',1,'[{"added": {}}]',11,1,'2024-08-01 11:53:08.090557');
INSERT INTO django_admin_log VALUES(115,'1','Выставка',2,'[{"changed": {"fields": ["\u0424\u043e\u0442\u043e", "\u041e\u043f\u0438\u0441\u0430\u043d\u0438\u0435 [ru]", "\u041e\u043f\u0438\u0441\u0430\u043d\u0438\u0435 [en]", "\u041e\u043f\u0438\u0441\u0430\u043d\u0438\u0435 [ky]"]}}]',11,1,'2024-08-01 11:55:27.278769');
INSERT INTO django_admin_log VALUES(116,'2','Презентации бизнес-проектов',1,'[{"added": {}}]',11,1,'2024-08-01 11:56:20.942027');
INSERT INTO django_admin_log VALUES(117,'3','Мастер классы',1,'[{"added": {}}]',11,1,'2024-08-01 11:58:39.173769');
INSERT INTO django_admin_log VALUES(118,'4','Панельные сессии',1,'[{"added": {}}]',11,1,'2024-08-01 11:59:24.815602');
INSERT INTO django_admin_log VALUES(119,'1','Что вас будет ждать на главном бизнес событии года?',2,'[]',30,1,'2024-08-01 11:59:35.525196');
INSERT INTO django_admin_log VALUES(120,'5','2022 - «DAVOS в Центральной Азии»',2,'[{"changed": {"fields": ["\u041e\u043f\u0438\u0441\u0430\u043d\u0438\u0435 [ru]", "\u0412\u0438\u0434\u0435\u043e [ru]"]}}]',16,1,'2024-08-01 13:08:28.319439');
INSERT INTO django_admin_log VALUES(121,'4','2019 - «The Future is Now»',2,'[{"changed": {"fields": ["\u041e\u043f\u0438\u0441\u0430\u043d\u0438\u0435 [ru]", "\u0412\u0438\u0434\u0435\u043e [ru]"]}}]',16,1,'2024-08-01 13:09:08.598986');
INSERT INTO django_admin_log VALUES(122,'3','2017',2,'[{"changed": {"fields": ["\u041e\u043f\u0438\u0441\u0430\u043d\u0438\u0435 [ru]"]}}]',16,1,'2024-08-01 13:09:16.529736');
INSERT INTO django_admin_log VALUES(123,'2','2016 - «Место встречи предпринимателя и инвестора»',2,'[{"changed": {"fields": ["\u041e\u043f\u0438\u0441\u0430\u043d\u0438\u0435 [ru]", "\u0412\u0438\u0434\u0435\u043e [ru]"]}}]',16,1,'2024-08-01 13:10:06.890340');
INSERT INTO django_admin_log VALUES(124,'1','2015 - «РАЗБУДИ ДЕНЬГИ!»',2,'[{"changed": {"fields": ["\u041e\u043f\u0438\u0441\u0430\u043d\u0438\u0435 [ru]", "\u0412\u0438\u0434\u0435\u043e [ru]"]}}]',16,1,'2024-08-01 13:10:40.023942');
INSERT INTO django_admin_log VALUES(125,'6','/media/image/Frame_101_1_7QJYIdA.png',1,'[{"added": {}}]',14,1,'2024-08-01 13:11:19.470386');
INSERT INTO django_admin_log VALUES(126,'6','/media/image/Frame_101_1_7QJYIdA.png',3,'',14,1,'2024-08-01 13:11:26.021695');
INSERT INTO django_admin_log VALUES(127,'2','2016 - «Место встречи предпринимателя и инвестора»',2,'[{"changed": {"fields": ["\u041e\u043f\u0438\u0441\u0430\u043d\u0438\u0435 (\u043d\u0430\u043f\u0438\u0441\u0430\u0442\u044c \u043e\u043f\u0438\u0441\u0430\u043d\u0438\u0435 \u0434\u043b\u044f \u044d\u0442\u043e\u0433\u043e \u0433\u043e\u0434\u0430) [ru]"]}}]',16,1,'2024-08-01 17:57:50.067057');
INSERT INTO django_admin_log VALUES(128,'2','2016 - «Место встречи предпринимателя и инвестора»',2,'[{"changed": {"fields": ["\u041e\u043f\u0438\u0441\u0430\u043d\u0438\u0435 (\u043d\u0430\u043f\u0438\u0441\u0430\u0442\u044c \u043e\u043f\u0438\u0441\u0430\u043d\u0438\u0435 \u0434\u043b\u044f \u044d\u0442\u043e\u0433\u043e \u0433\u043e\u0434\u0430) [ru]"]}}]',16,1,'2024-08-01 17:58:44.556844');
INSERT INTO django_admin_log VALUES(129,'18','Сельское хозяйство (растениеводство, животноводство, рыбоводство, Птицеводство)',1,'[{"added": {}}]',20,1,'2024-08-02 09:50:20.915922');
INSERT INTO django_admin_log VALUES(130,'19','Промышленность (производство товаров и продуктов, обрабатывающая промышленность, добывающая промышленность)',1,'[{"added": {}}]',20,1,'2024-08-02 09:50:33.802077');
INSERT INTO django_admin_log VALUES(131,'20','Строительство',1,'[{"added": {}}]',20,1,'2024-08-02 09:50:43.742298');
INSERT INTO django_admin_log VALUES(132,'21','Транспорт и логистика',1,'[{"added": {}}]',20,1,'2024-08-02 09:50:52.290983');
INSERT INTO django_admin_log VALUES(133,'22','Торговля (розничная торговля, оптовая торговля, электронная коммерция)',1,'[{"added": {}}]',20,1,'2024-08-02 09:51:01.925452');
INSERT INTO django_admin_log VALUES(134,'23','Туризм и гостиничный бизнес',1,'[{"added": {}}]',20,1,'2024-08-02 09:51:14.921078');
INSERT INTO django_admin_log VALUES(135,'24','Информационные технологии, IT',1,'[{"added": {}}]',20,1,'2024-08-02 09:51:21.997407');
INSERT INTO django_admin_log VALUES(136,'25','Финансовые услуги',1,'[{"added": {}}]',20,1,'2024-08-02 09:51:32.221668');
INSERT INTO django_admin_log VALUES(137,'26','Образование',1,'[{"added": {}}]',20,1,'2024-08-02 09:51:37.324193');
INSERT INTO django_admin_log VALUES(138,'27','Здравоохранение',1,'[{"added": {}}]',20,1,'2024-08-02 09:51:43.116672');
INSERT INTO django_admin_log VALUES(139,'28','Энергетика',1,'[{"added": {}}]',20,1,'2024-08-02 09:51:57.066277');
INSERT INTO django_admin_log VALUES(140,'29','Ресторанный бизнес и общепит',1,'[{"added": {}}]',20,1,'2024-08-02 09:52:03.356382');
INSERT INTO django_admin_log VALUES(141,'30','Услуги (консалтинг, рекламные и маркетинговые услуги, юридические услуги)',1,'[{"added": {}}]',20,1,'2024-08-02 09:52:11.842670');
INSERT INTO django_admin_log VALUES(142,'31','Другое:',1,'[{"added": {}}]',20,1,'2024-08-02 09:52:17.163148');
INSERT INTO django_admin_log VALUES(143,'1','Выставка',2,'[{"changed": {"fields": ["\u0417\u0430\u0433\u043e\u043b\u043e\u0432\u043e\u043a \u0431\u0430\u043d\u043d\u0435\u0440\u0430 \u0441\u0442\u0440\u0430\u043d\u0438\u0446\u044b - \u0412\u044b\u0441\u0442\u0430\u0432\u043a\u0430 [ky]", "\u0417\u0430\u0433\u043e\u043b\u043e\u0432\u043e\u043a \u0431\u0430\u043d\u043d\u0435\u0440\u0430 \u0441\u0442\u0440\u0430\u043d\u0438\u0446\u044b - \u0412\u044b\u0441\u0442\u0430\u0432\u043a\u0430 [en]", "\u041e\u043f\u0438\u0441\u0430\u043d\u0438\u0435 \u0431\u0430\u043d\u043d\u0435\u0440\u0430 \u0441\u0442\u0440\u0430\u043d\u0438\u0446\u044b - \u0412\u044b\u0441\u0442\u0430\u0432\u043a\u0430 [ky]", "\u041e\u043f\u0438\u0441\u0430\u043d\u0438\u0435 \u0431\u0430\u043d\u043d\u0435\u0440\u0430 \u0441\u0442\u0440\u0430\u043d\u0438\u0446\u044b - \u0412\u044b\u0441\u0442\u0430\u0432\u043a\u0430 [en]"]}}]',27,1,'2024-08-02 10:32:56.545297');
INSERT INTO django_admin_log VALUES(144,'1','Часто задаваемые вопросы',1,'[{"added": {}}]',9,1,'2024-08-03 06:47:53.631193');
INSERT INTO django_admin_log VALUES(145,'1','24-25 октябрь 2024',2,'[{"changed": {"fields": ["\u0424\u043e\u0442\u043e \u0434\u043b\u044f \u0431\u0430\u043d\u043d\u0435\u0440\u0430 \u043d\u0430 \u0433\u043b\u0430\u0432\u043d\u043e\u0439 \u0441\u0442\u0440\u0430\u043d\u0438\u0446\u0435"]}}]',7,1,'2024-08-05 12:55:00.003950');
INSERT INTO django_admin_log VALUES(146,'1','24-25 октябрь 2024',2,'[{"changed": {"fields": ["\u0424\u043e\u0442\u043e \u0434\u043b\u044f \u0431\u0430\u043d\u043d\u0435\u0440\u0430 \u043d\u0430 \u0433\u043b\u0430\u0432\u043d\u043e\u0439 \u0441\u0442\u0440\u0430\u043d\u0438\u0446\u0435"]}}]',7,1,'2024-08-05 13:01:17.017843');
INSERT INTO django_admin_log VALUES(147,'1','24-25 октябрь 2024',2,'[{"changed": {"fields": ["\u0424\u043e\u0442\u043e \u0434\u043b\u044f \u0431\u0430\u043d\u043d\u0435\u0440\u0430 \u043d\u0430 \u0433\u043b\u0430\u0432\u043d\u043e\u0439 \u0441\u0442\u0440\u0430\u043d\u0438\u0446\u0435"]}}]',7,1,'2024-08-05 13:07:36.619050');
INSERT INTO django_admin_log VALUES(148,'1','BIF 2022',2,'[{"changed": {"fields": ["\u0417\u0430\u0433\u043e\u043b\u043e\u0432\u043e\u043a \u0434\u043b\u044f \u0432\u0438\u0434\u0435\u043e \u043d\u0430 \u0433\u043b\u0430\u0432\u043d\u043e\u0439 \u0441\u0442\u0440\u0430\u043d\u0438\u0446\u0435 [ru]", "\u041e\u043f\u0438\u0441\u0430\u043d\u0438\u0435 \u0434\u043b\u044f \u0432\u0438\u0434\u0435\u043e \u043d\u0430 \u0433\u043b\u0430\u0432\u043d\u043e\u0439 \u0441\u0442\u0440\u0430\u043d\u0438\u0446\u0435 [ru]"]}}]',10,1,'2024-08-05 13:56:15.462267');
INSERT INTO django_admin_log VALUES(149,'2','Green Economy 2022',2,'[{"changed": {"fields": ["\u0417\u0430\u0433\u043e\u043b\u043e\u0432\u043e\u043a \u0434\u043b\u044f \u0432\u0438\u0434\u0435\u043e \u043d\u0430 \u0433\u043b\u0430\u0432\u043d\u043e\u0439 \u0441\u0442\u0440\u0430\u043d\u0438\u0446\u0435 [ru]", "\u041e\u043f\u0438\u0441\u0430\u043d\u0438\u0435 \u0434\u043b\u044f \u0432\u0438\u0434\u0435\u043e \u043d\u0430 \u0433\u043b\u0430\u0432\u043d\u043e\u0439 \u0441\u0442\u0440\u0430\u043d\u0438\u0446\u0435 [ru]"]}}]',10,1,'2024-08-05 14:00:29.223338');
INSERT INTO django_admin_log VALUES(150,'1','Image object (1)',1,'[{"added": {}}]',35,1,'2024-08-06 09:10:31.211377');
CREATE TABLE IF NOT EXISTS "django_content_type" ("id" integer NOT NULL PRIMARY KEY AUTOINCREMENT, "app_label" varchar(100) NOT NULL, "model" varchar(100) NOT NULL);
INSERT INTO django_content_type VALUES(1,'admin','logentry');
INSERT INTO django_content_type VALUES(2,'auth','permission');
INSERT INTO django_content_type VALUES(3,'auth','group');
INSERT INTO django_content_type VALUES(4,'auth','user');
INSERT INTO django_content_type VALUES(5,'contenttypes','contenttype');
INSERT INTO django_content_type VALUES(6,'sessions','session');
INSERT INTO django_content_type VALUES(7,'base','banner');
INSERT INTO django_content_type VALUES(8,'base','base');
INSERT INTO django_content_type VALUES(9,'base','slider');
INSERT INTO django_content_type VALUES(10,'base','video');
INSERT INTO django_content_type VALUES(11,'base','whatwill');
INSERT INTO django_content_type VALUES(12,'about','about');
INSERT INTO django_content_type VALUES(13,'about','aboutbanner');
INSERT INTO django_content_type VALUES(14,'about','gallery');
INSERT INTO django_content_type VALUES(15,'about','history');
INSERT INTO django_content_type VALUES(16,'about','historydetail');
INSERT INTO django_content_type VALUES(17,'about','statistics');
INSERT INTO django_content_type VALUES(18,'financing','financing');
INSERT INTO django_content_type VALUES(19,'financing','legalname');
INSERT INTO django_content_type VALUES(20,'financing','sector');
INSERT INTO django_content_type VALUES(21,'financing','table');
INSERT INTO django_content_type VALUES(22,'financing','reach');
INSERT INTO django_content_type VALUES(23,'project','project');
INSERT INTO django_content_type VALUES(24,'project','scroll');
INSERT INTO django_content_type VALUES(25,'project','yearlycatalog');
INSERT INTO django_content_type VALUES(26,'project','businessproject');
INSERT INTO django_content_type VALUES(27,'exhibition','exhibition');
INSERT INTO django_content_type VALUES(28,'exhibition','slider');
INSERT INTO django_content_type VALUES(29,'base','about_the_forum');
INSERT INTO django_content_type VALUES(30,'base','what_will_title');
INSERT INTO django_content_type VALUES(31,'about','gallerytitle');
INSERT INTO django_content_type VALUES(32,'financing','tabletile');
INSERT INTO django_content_type VALUES(33,'financing','tabletitle');
INSERT INTO django_content_type VALUES(34,'base','slidertitle');
INSERT INTO django_content_type VALUES(35,'financing','image');
INSERT INTO django_content_type VALUES(36,'financing','nameinfo');
INSERT INTO django_content_type VALUES(37,'financing','imageform');
CREATE TABLE IF NOT EXISTS "auth_permission" ("id" integer NOT NULL PRIMARY KEY AUTOINCREMENT, "content_type_id" integer NOT NULL REFERENCES "django_content_type" ("id") DEFERRABLE INITIALLY DEFERRED, "codename" varchar(100) NOT NULL, "name" varchar(255) NOT NULL);
INSERT INTO auth_permission VALUES(1,1,'add_logentry','Can add log entry');
INSERT INTO auth_permission VALUES(2,1,'change_logentry','Can change log entry');
INSERT INTO auth_permission VALUES(3,1,'delete_logentry','Can delete log entry');
INSERT INTO auth_permission VALUES(4,1,'view_logentry','Can view log entry');
INSERT INTO auth_permission VALUES(5,2,'add_permission','Can add permission');
INSERT INTO auth_permission VALUES(6,2,'change_permission','Can change permission');
INSERT INTO auth_permission VALUES(7,2,'delete_permission','Can delete permission');
INSERT INTO auth_permission VALUES(8,2,'view_permission','Can view permission');
INSERT INTO auth_permission VALUES(9,3,'add_group','Can add group');
INSERT INTO auth_permission VALUES(10,3,'change_group','Can change group');
INSERT INTO auth_permission VALUES(11,3,'delete_group','Can delete group');
INSERT INTO auth_permission VALUES(12,3,'view_group','Can view group');
INSERT INTO auth_permission VALUES(13,4,'add_user','Can add user');
INSERT INTO auth_permission VALUES(14,4,'change_user','Can change user');
INSERT INTO auth_permission VALUES(15,4,'delete_user','Can delete user');
INSERT INTO auth_permission VALUES(16,4,'view_user','Can view user');
INSERT INTO auth_permission VALUES(17,5,'add_contenttype','Can add content type');
INSERT INTO auth_permission VALUES(18,5,'change_contenttype','Can change content type');
INSERT INTO auth_permission VALUES(19,5,'delete_contenttype','Can delete content type');
INSERT INTO auth_permission VALUES(20,5,'view_contenttype','Can view content type');
INSERT INTO auth_permission VALUES(21,6,'add_session','Can add session');
INSERT INTO auth_permission VALUES(22,6,'change_session','Can change session');
INSERT INTO auth_permission VALUES(23,6,'delete_session','Can delete session');
INSERT INTO auth_permission VALUES(24,6,'view_session','Can view session');
INSERT INTO auth_permission VALUES(25,7,'add_banner','Can add ');
INSERT INTO auth_permission VALUES(26,7,'change_banner','Can change ');
INSERT INTO auth_permission VALUES(27,7,'delete_banner','Can delete ');
INSERT INTO auth_permission VALUES(28,7,'view_banner','Can view ');
INSERT INTO auth_permission VALUES(29,8,'add_base','Can add Логотип');
INSERT INTO auth_permission VALUES(30,8,'change_base','Can change Логотип');
INSERT INTO auth_permission VALUES(31,8,'delete_base','Can delete Логотип');
INSERT INTO auth_permission VALUES(32,8,'view_base','Can view Логотип');
INSERT INTO auth_permission VALUES(33,9,'add_slider','Can add Слайдер');
INSERT INTO auth_permission VALUES(34,9,'change_slider','Can change Слайдер');
INSERT INTO auth_permission VALUES(35,9,'delete_slider','Can delete Слайдер');
INSERT INTO auth_permission VALUES(36,9,'view_slider','Can view Слайдер');
INSERT INTO auth_permission VALUES(37,10,'add_video','Can add Видео');
INSERT INTO auth_permission VALUES(38,10,'change_video','Can change Видео');
INSERT INTO auth_permission VALUES(39,10,'delete_video','Can delete Видео');
INSERT INTO auth_permission VALUES(40,10,'view_video','Can view Видео');
INSERT INTO auth_permission VALUES(41,11,'add_what_will','Can add Что вас будет ждать на главном бизнес событии года?');
INSERT INTO auth_permission VALUES(42,11,'change_what_will','Can change Что вас будет ждать на главном бизнес событии года?');
INSERT INTO auth_permission VALUES(43,11,'delete_what_will','Can delete Что вас будет ждать на главном бизнес событии года?');
INSERT INTO auth_permission VALUES(44,11,'view_what_will','Can view Что вас будет ждать на главном бизнес событии года?');
INSERT INTO auth_permission VALUES(45,12,'add_about','Can add ');
INSERT INTO auth_permission VALUES(46,12,'change_about','Can change ');
INSERT INTO auth_permission VALUES(47,12,'delete_about','Can delete ');
INSERT INTO auth_permission VALUES(48,12,'view_about','Can view ');
INSERT INTO auth_permission VALUES(49,13,'add_aboutbanner','Can add ');
INSERT INTO auth_permission VALUES(50,13,'change_aboutbanner','Can change ');
INSERT INTO auth_permission VALUES(51,13,'delete_aboutbanner','Can delete ');
INSERT INTO auth_permission VALUES(52,13,'view_aboutbanner','Can view ');
INSERT INTO auth_permission VALUES(53,14,'add_gallery','Can add ');
INSERT INTO auth_permission VALUES(54,14,'change_gallery','Can change ');
INSERT INTO auth_permission VALUES(55,14,'delete_gallery','Can delete ');
INSERT INTO auth_permission VALUES(56,14,'view_gallery','Can view ');
INSERT INTO auth_permission VALUES(57,15,'add_history','Can add ');
INSERT INTO auth_permission VALUES(58,15,'change_history','Can change ');
INSERT INTO auth_permission VALUES(59,15,'delete_history','Can delete ');
INSERT INTO auth_permission VALUES(60,15,'view_history','Can view ');
INSERT INTO auth_permission VALUES(61,16,'add_historydetail','Can add ');
INSERT INTO auth_permission VALUES(62,16,'change_historydetail','Can change ');
INSERT INTO auth_permission VALUES(63,16,'delete_historydetail','Can delete ');
INSERT INTO auth_permission VALUES(64,16,'view_historydetail','Can view ');
INSERT INTO auth_permission VALUES(65,17,'add_statistics','Can add ');
INSERT INTO auth_permission VALUES(66,17,'change_statistics','Can change ');
INSERT INTO auth_permission VALUES(67,17,'delete_statistics','Can delete ');
INSERT INTO auth_permission VALUES(68,17,'view_statistics','Can view ');
INSERT INTO auth_permission VALUES(69,18,'add_financing','Can add Баннер финансирования');
INSERT INTO auth_permission VALUES(70,18,'change_financing','Can change Баннер финансирования');
INSERT INTO auth_permission VALUES(71,18,'delete_financing','Can delete Баннер финансирования');
INSERT INTO auth_permission VALUES(72,18,'view_financing','Can view Баннер финансирования');
INSERT INTO auth_permission VALUES(73,19,'add_legalname','Can add Юридическое название');
INSERT INTO auth_permission VALUES(74,19,'change_legalname','Can change Юридическое название');
INSERT INTO auth_permission VALUES(75,19,'delete_legalname','Can delete Юридическое название');
INSERT INTO auth_permission VALUES(76,19,'view_legalname','Can view Юридическое название');
INSERT INTO auth_permission VALUES(77,20,'add_sector','Can add Сектор');
INSERT INTO auth_permission VALUES(78,20,'change_sector','Can change Сектор');
INSERT INTO auth_permission VALUES(79,20,'delete_sector','Can delete Сектор');
INSERT INTO auth_permission VALUES(80,20,'view_sector','Can view Сектор');
INSERT INTO auth_permission VALUES(81,21,'add_table','Can add Таблица финансирования');
INSERT INTO auth_permission VALUES(82,21,'change_table','Can change Таблица финансирования');
INSERT INTO auth_permission VALUES(83,21,'delete_table','Can delete Таблица финансирования');
INSERT INTO auth_permission VALUES(84,21,'view_table','Can view Таблица финансирования');
INSERT INTO auth_permission VALUES(85,22,'add_reach','Can add Контакт');
INSERT INTO auth_permission VALUES(86,22,'change_reach','Can change Контакт');
INSERT INTO auth_permission VALUES(87,22,'delete_reach','Can delete Контакт');
INSERT INTO auth_permission VALUES(88,22,'view_reach','Can view Контакт');
INSERT INTO auth_permission VALUES(89,23,'add_project','Can add ');
INSERT INTO auth_permission VALUES(90,23,'change_project','Can change ');
INSERT INTO auth_permission VALUES(91,23,'delete_project','Can delete ');
INSERT INTO auth_permission VALUES(92,23,'view_project','Can view ');
INSERT INTO auth_permission VALUES(93,24,'add_scroll','Can add Необходимо');
INSERT INTO auth_permission VALUES(94,24,'change_scroll','Can change Необходимо');
INSERT INTO auth_permission VALUES(95,24,'delete_scroll','Can delete Необходимо');
INSERT INTO auth_permission VALUES(96,24,'view_scroll','Can view Необходимо');
INSERT INTO auth_permission VALUES(97,25,'add_yearlycatalog','Can add Годовой каталог');
INSERT INTO auth_permission VALUES(98,25,'change_yearlycatalog','Can change Годовой каталог');
INSERT INTO auth_permission VALUES(99,25,'delete_yearlycatalog','Can delete Годовой каталог');
INSERT INTO auth_permission VALUES(100,25,'view_yearlycatalog','Can view Годовой каталог');
INSERT INTO auth_permission VALUES(101,26,'add_businessproject','Can add Участие открыто для всех предпринимателей с действующим бизнесом!');
INSERT INTO auth_permission VALUES(102,26,'change_businessproject','Can change Участие открыто для всех предпринимателей с действующим бизнесом!');
INSERT INTO auth_permission VALUES(103,26,'delete_businessproject','Can delete Участие открыто для всех предпринимателей с действующим бизнесом!');
INSERT INTO auth_permission VALUES(104,26,'view_businessproject','Can view Участие открыто для всех предпринимателей с действующим бизнесом!');
INSERT INTO auth_permission VALUES(105,27,'add_exhibition','Can add ');
INSERT INTO auth_permission VALUES(106,27,'change_exhibition','Can change ');
INSERT INTO auth_permission VALUES(107,27,'delete_exhibition','Can delete ');
INSERT INTO auth_permission VALUES(108,27,'view_exhibition','Can view ');
INSERT INTO auth_permission VALUES(109,28,'add_slider','Can add ');
INSERT INTO auth_permission VALUES(110,28,'change_slider','Can change ');
INSERT INTO auth_permission VALUES(111,28,'delete_slider','Can delete ');
INSERT INTO auth_permission VALUES(112,28,'view_slider','Can view ');
INSERT INTO auth_permission VALUES(113,29,'add_about_the_forum','Can add ');
INSERT INTO auth_permission VALUES(114,29,'change_about_the_forum','Can change ');
INSERT INTO auth_permission VALUES(115,29,'delete_about_the_forum','Can delete ');
INSERT INTO auth_permission VALUES(116,29,'view_about_the_forum','Can view ');
INSERT INTO auth_permission VALUES(117,30,'add_what_will_title','Can add ');
INSERT INTO auth_permission VALUES(118,30,'change_what_will_title','Can change ');
INSERT INTO auth_permission VALUES(119,30,'delete_what_will_title','Can delete ');
INSERT INTO auth_permission VALUES(120,30,'view_what_will_title','Can view ');
INSERT INTO auth_permission VALUES(121,31,'add_gallerytitle','Can add ');
INSERT INTO auth_permission VALUES(122,31,'change_gallerytitle','Can change ');
INSERT INTO auth_permission VALUES(123,31,'delete_gallerytitle','Can delete ');
INSERT INTO auth_permission VALUES(124,31,'view_gallerytitle','Can view ');
INSERT INTO auth_permission VALUES(125,32,'add_tabletile','Can add Название');
INSERT INTO auth_permission VALUES(126,32,'change_tabletile','Can change Название');
INSERT INTO auth_permission VALUES(127,32,'delete_tabletile','Can delete Название');
INSERT INTO auth_permission VALUES(128,32,'view_tabletile','Can view Название');
INSERT INTO auth_permission VALUES(129,33,'add_tabletitle','Can add Таблица финансирования');
INSERT INTO auth_permission VALUES(130,33,'change_tabletitle','Can change Таблица финансирования');
INSERT INTO auth_permission VALUES(131,33,'delete_tabletitle','Can delete Таблица финансирования');
INSERT INTO auth_permission VALUES(132,33,'view_tabletitle','Can view Таблица финансирования');
INSERT INTO auth_permission VALUES(133,11,'add_whatwill','Can add Что вас будет ждать на главном бизнес событии года?');
INSERT INTO auth_permission VALUES(134,11,'change_whatwill','Can change Что вас будет ждать на главном бизнес событии года?');
INSERT INTO auth_permission VALUES(135,11,'delete_whatwill','Can delete Что вас будет ждать на главном бизнес событии года?');
INSERT INTO auth_permission VALUES(136,11,'view_whatwill','Can view Что вас будет ждать на главном бизнес событии года?');
INSERT INTO auth_permission VALUES(137,34,'add_slidertitle','Can add ');
INSERT INTO auth_permission VALUES(138,34,'change_slidertitle','Can change ');
INSERT INTO auth_permission VALUES(139,34,'delete_slidertitle','Can delete ');
INSERT INTO auth_permission VALUES(140,34,'view_slidertitle','Can view ');
INSERT INTO auth_permission VALUES(141,35,'add_image','Can add ');
INSERT INTO auth_permission VALUES(142,35,'change_image','Can change ');
INSERT INTO auth_permission VALUES(143,35,'delete_image','Can delete ');
INSERT INTO auth_permission VALUES(144,35,'view_image','Can view ');
INSERT INTO auth_permission VALUES(145,36,'add_nameinfo','Can add ');
INSERT INTO auth_permission VALUES(146,36,'change_nameinfo','Can change ');
INSERT INTO auth_permission VALUES(147,36,'delete_nameinfo','Can delete ');
INSERT INTO auth_permission VALUES(148,36,'view_nameinfo','Can view ');
INSERT INTO auth_permission VALUES(149,37,'add_imageform','Can add ');
INSERT INTO auth_permission VALUES(150,37,'change_imageform','Can change ');
INSERT INTO auth_permission VALUES(151,37,'delete_imageform','Can delete ');
INSERT INTO auth_permission VALUES(152,37,'view_imageform','Can view ');
CREATE TABLE IF NOT EXISTS "auth_group" ("id" integer NOT NULL PRIMARY KEY AUTOINCREMENT, "name" varchar(150) NOT NULL UNIQUE);
CREATE TABLE IF NOT EXISTS "auth_user" ("id" integer NOT NULL PRIMARY KEY AUTOINCREMENT, "password" varchar(128) NOT NULL, "last_login" datetime NULL, "is_superuser" bool NOT NULL, "username" varchar(150) NOT NULL UNIQUE, "last_name" varchar(150) NOT NULL, "email" varchar(254) NOT NULL, "is_staff" bool NOT NULL, "is_active" bool NOT NULL, "date_joined" datetime NOT NULL, "first_name" varchar(150) NOT NULL);
INSERT INTO auth_user VALUES(1,'pbkdf2_sha256$600000$ZXfQ5ekjdkZ3wSVd0U292e$eBLHpFKI2auhZnTISRVAsAE19pJzBYmkFEGK6YZxlWk=','2024-08-01 17:56:15.268380',1,'1','','',1,1,'2024-07-29 08:14:12.873799','');
CREATE TABLE IF NOT EXISTS "base_banner" ("id" integer NOT NULL PRIMARY KEY AUTOINCREMENT, "title" varchar(255) NOT NULL, "title_ru" varchar(255) NULL, "title_ky" varchar(255) NULL, "title_en" varchar(255) NULL, "descriptions" text NOT NULL, "descriptions_ru" text NULL, "descriptions_ky" text NULL, "descriptions_en" text NULL, "image" varchar(100) NOT NULL);
INSERT INTO base_banner VALUES(1,'24-25 октябрь 2024','24-25 октябрь 2024','24-25-октябрь, 2024-жыл','24-25 October 2024','Бишкек , Кыргызстан','Бишкек , Кыргызстан','Бишкек , Кыргызстан','Bishkek, Kyrgyzstan','banners/Rectangle_1_Z0kzOZH.jpg');
CREATE TABLE IF NOT EXISTS "base_base" ("id" integer NOT NULL PRIMARY KEY AUTOINCREMENT, "logo" varchar(100) NOT NULL, "logo_2" varchar(100) NOT NULL);
INSERT INTO base_base VALUES(1,'logo/photo_2024-08-01_16-13-43.jpg','logo/photo_2024-08-01_16-14-09.jpg');
CREATE TABLE IF NOT EXISTS "base_slider" ("id" integer NOT NULL PRIMARY KEY AUTOINCREMENT, "title" varchar(255) NOT NULL, "title_ru" varchar(255) NULL, "title_ky" varchar(255) NULL, "title_en" varchar(255) NULL, "descriptions" varchar(155) NOT NULL, "descriptions_ru" varchar(155) NULL, "descriptions_ky" varchar(155) NULL, "descriptions_en" varchar(155) NULL, "image" varchar(100) NOT NULL, slidertitle_id INTEGER REFERENCES base_slidertitle(id));
INSERT INTO base_slider VALUES(1,'Часто задаваемые вопросы','Часто задаваемые вопросы',NULL,NULL,'Зарабатывайте, готовя для людей по всему миру! Зарабатывайте, готовя для соседей! Зарабатывайте, готовя для семьи!','Зарабатывайте, готовя для людей по всему миру! Зарабатывайте, готовя для соседей! Зарабатывайте, готовя для семьи!',NULL,NULL,'image/image-removebg-preview_x4YBe75.png',1);
CREATE TABLE IF NOT EXISTS "exhibition_exhibition" ("id" integer NOT NULL PRIMARY KEY AUTOINCREMENT, "title" varchar(255) NOT NULL, "title_ru" varchar(255) NULL, "title_ky" varchar(255) NULL, "title_en" varchar(255) NULL, "descriptions" text NOT NULL, "descriptions_ru" text NULL, "descriptions_ky" text NULL, "descriptions_en" text NULL);
INSERT INTO exhibition_exhibition VALUES(1,'Выставка','Выставка','Көргөзмө','Expo',replace(replace('В рамках Бишкекского Инвестиционного форума и форума «Зеленая Экономика» проводится выставка товаров и услуг компаний из разных отраслей.\r\nЭто отличная возможность компаниям презентовать себя перед участниками и гостями форума. \r\nВ мероприятии принимают участие известные бизнесмены, представители государственных органов, международных организаций, и активные деятели. Гости и участники со всех уголков мира.','\r',char(13)),'\n',char(10)),replace(replace('В рамках Бишкекского Инвестиционного форума и форума «Зеленая Экономика» проводится выставка товаров и услуг компаний из разных отраслей.\r\nЭто отличная возможность компаниям презентовать себя перед участниками и гостями форума. \r\nВ мероприятии принимают участие известные бизнесмены, представители государственных органов, международных организаций, и активные деятели. Гости и участники со всех уголков мира.','\r',char(13)),'\n',char(10)),replace(replace('Бишкек инвестициялык форумунун жана “Жашыл экономика” форумунун алкагында түрдүү тармактардагы компаниялардын товарларынын жана кызматтарынын көргөзмөсү өтүүдө.\r\nБул компаниялар үчүн форумдун катышуучуларына жана конокторуна өзүн көрсөтүү үчүн эң сонун мүмкүнчүлүк. \r\nИш-чарага белгилүү ишкерлер, мамлекеттик органдардын, эл аралык уюмдардын өкүлдөрү, активдүү ишмерлер катышууда. Дүйнө жүзүнөн келген коноктор жана катышуучулар.','\r',char(13)),'\n',char(10)),replace(replace('As part of the Bishkek Investment Forum and the Green Economy Forum, an exhibition of goods and services of companies from various industries is being held.\r\nThis is an excellent opportunity for companies to present themselves to the forum participants and guests. \r\nThe event is attended by famous businessmen, representatives of government bodies, international organizations, and active figures. Guests and participants from all over the world.','\r',char(13)),'\n',char(10)));
CREATE TABLE IF NOT EXISTS "financing_financing" ("id" integer NOT NULL PRIMARY KEY AUTOINCREMENT, "title" varchar(255) NOT NULL, "title_ru" varchar(255) NULL, "title_ky" varchar(255) NULL, "title_en" varchar(255) NULL, "image" varchar(255) NOT NULL);
INSERT INTO financing_financing VALUES(1,'Источники финансирования','Источники финансирования','Каржылоо булактары','Sources of financing','image/Открытие_форума_-_Председатель_б-а_JIA_Жоодар_Омошов_1.jpg');
CREATE TABLE IF NOT EXISTS "financing_legalname" ("id" integer NOT NULL PRIMARY KEY AUTOINCREMENT, "name" varchar(255) NOT NULL, "name_ru" varchar(255) NULL, "name_ky" varchar(255) NULL, "name_en" varchar(255) NULL);
INSERT INTO financing_legalname VALUES(1,'Юридическое название','Юридическое название','Юридикалык аталышы','Legal name');
INSERT INTO financing_legalname VALUES(2,'ОсОО','ОсОО',NULL,NULL);
INSERT INTO financing_legalname VALUES(3,'АО','АО',NULL,NULL);
INSERT INTO financing_legalname VALUES(4,'ЗАО','ЗАО',NULL,NULL);
INSERT INTO financing_legalname VALUES(5,'КХ','КХ',NULL,NULL);
INSERT INTO financing_legalname VALUES(6,'ИП','ИП',NULL,NULL);
CREATE TABLE IF NOT EXISTS "financing_sector" ("id" integer NOT NULL PRIMARY KEY AUTOINCREMENT, "name" varchar(255) NOT NULL, "name_en" varchar(255) NULL, "name_ky" varchar(255) NULL, "name_ru" varchar(255) NULL);
INSERT INTO financing_sector VALUES(1,'Укажите сектор',NULL,NULL,NULL);
INSERT INTO financing_sector VALUES(2,'Сельское хозяйство (растениеводство, животноводство, рыбоводство, Птицеводство)',NULL,NULL,NULL);
INSERT INTO financing_sector VALUES(3,'Промышленность (производство товаров и продуктов, обрабатывающая промышленность, добывающая промышленность)',NULL,NULL,NULL);
INSERT INTO financing_sector VALUES(4,'Строительство',NULL,NULL,NULL);
INSERT INTO financing_sector VALUES(5,'Транспорт и логистика',NULL,NULL,NULL);
INSERT INTO financing_sector VALUES(6,'Торговля (розничная торговля, оптовая торговля, электронная коммерция)',NULL,NULL,NULL);
INSERT INTO financing_sector VALUES(7,'Туризм и гостиничный бизнес',NULL,NULL,NULL);
INSERT INTO financing_sector VALUES(8,'Информационные технологии, IT',NULL,NULL,NULL);
INSERT INTO financing_sector VALUES(9,'Финансовые услуги',NULL,NULL,NULL);
INSERT INTO financing_sector VALUES(10,'Образование',NULL,NULL,NULL);
INSERT INTO financing_sector VALUES(11,'Здравоохранение',NULL,NULL,NULL);
INSERT INTO financing_sector VALUES(12,'Энергетика',NULL,NULL,NULL);
INSERT INTO financing_sector VALUES(13,'Ресторанный бизнес и общепит',NULL,NULL,NULL);
INSERT INTO financing_sector VALUES(14,'Услуги (консалтинг, рекламные и маркетинговые услуги, юридические услуги)',NULL,NULL,NULL);
INSERT INTO financing_sector VALUES(15,'Какой фонд интересует (выбор фонда)',NULL,NULL,NULL);
INSERT INTO financing_sector VALUES(16,'Ваши контакты',NULL,NULL,NULL);
INSERT INTO financing_sector VALUES(17,'Ваша e-mail почта',NULL,NULL,NULL);
INSERT INTO financing_sector VALUES(18,'Сельское хозяйство (растениеводство, животноводство, рыбоводство, Птицеводство)',NULL,NULL,'Сельское хозяйство (растениеводство, животноводство, рыбоводство, Птицеводство)');
INSERT INTO financing_sector VALUES(19,'Промышленность (производство товаров и продуктов, обрабатывающая промышленность, добывающая промышленность)',NULL,NULL,'Промышленность (производство товаров и продуктов, обрабатывающая промышленность, добывающая промышленность)');
INSERT INTO financing_sector VALUES(20,'Строительство',NULL,NULL,'Строительство');
INSERT INTO financing_sector VALUES(21,'Транспорт и логистика',NULL,NULL,'Транспорт и логистика');
INSERT INTO financing_sector VALUES(22,'Торговля (розничная торговля, оптовая торговля, электронная коммерция)',NULL,NULL,'Торговля (розничная торговля, оптовая торговля, электронная коммерция)');
INSERT INTO financing_sector VALUES(23,'Туризм и гостиничный бизнес',NULL,NULL,'Туризм и гостиничный бизнес');
INSERT INTO financing_sector VALUES(24,'Информационные технологии, IT',NULL,NULL,'Информационные технологии, IT');
INSERT INTO financing_sector VALUES(25,'Финансовые услуги',NULL,NULL,'Финансовые услуги');
INSERT INTO financing_sector VALUES(26,'Образование',NULL,NULL,'Образование');
INSERT INTO financing_sector VALUES(27,'Здравоохранение',NULL,NULL,'Здравоохранение');
INSERT INTO financing_sector VALUES(28,'Энергетика',NULL,NULL,'Энергетика');
INSERT INTO financing_sector VALUES(29,'Ресторанный бизнес и общепит',NULL,NULL,'Ресторанный бизнес и общепит');
INSERT INTO financing_sector VALUES(30,'Услуги (консалтинг, рекламные и маркетинговые услуги, юридические услуги)',NULL,NULL,'Услуги (консалтинг, рекламные и маркетинговые услуги, юридические услуги)');
INSERT INTO financing_sector VALUES(31,'Другое:',NULL,NULL,'Другое:');
CREATE TABLE IF NOT EXISTS "financing_reach" ("id" integer NOT NULL PRIMARY KEY AUTOINCREMENT, "full_name" varchar(255) NOT NULL, "full_name_ru" varchar(255) NULL, "full_name_ky" varchar(255) NULL, "full_name_en" varchar(255) NULL, "name_company" varchar(255) NOT NULL, "name_company_ru" varchar(255) NULL, "name_company_ky" varchar(255) NULL, "name_company_en" varchar(255) NULL, "brief_description" varchar(255) NOT NULL, "brief_description_ru" varchar(255) NULL, "brief_description_ky" varchar(255) NULL, "brief_description_en" varchar(255) NULL, "legal_name_id" bigint NOT NULL REFERENCES "financing_legalname" ("id") DEFERRABLE INITIALLY DEFERRED, "sector_id" bigint NOT NULL REFERENCES "financing_sector" ("id") DEFERRABLE INITIALLY DEFERRED);
INSERT INTO financing_reach VALUES(1,'ФИО','ФИО','Сиздин ФИО','Full name','Название вашей компании','Название вашей компании','Сиздин компаниянын аты','Your company name','Краткое описание деятельности вашей компании','Краткое описание деятельности вашей компании','Сиздин компаниянын ишинин кыскача баяндамасы','Brief description of your company''s activities',6,17);
INSERT INTO financing_reach VALUES(2,'йвцйц','йвцйц',NULL,NULL,'йцв','йцв',NULL,NULL,'йцвйв','йцвйв',NULL,NULL,5,19);
INSERT INTO financing_reach VALUES(3,'йвцйц','йвцйц',NULL,NULL,'йцв','йцв',NULL,NULL,'йцвйв','йцвйв',NULL,NULL,5,19);
INSERT INTO financing_reach VALUES(4,'gt','gt',NULL,NULL,'trhrh','trhrh',NULL,NULL,'tyhtyh','tyhtyh',NULL,NULL,3,18);
INSERT INTO financing_reach VALUES(5,'qqdq','qqdq',NULL,NULL,'qdqwd','qdqwd',NULL,NULL,'qqdqd','qqdqd',NULL,NULL,4,22);
CREATE TABLE IF NOT EXISTS "project_project" ("id" integer NOT NULL PRIMARY KEY AUTOINCREMENT, "title" varchar(255) NOT NULL, "title_ru" varchar(255) NULL, "title_ky" varchar(255) NULL, "title_en" varchar(255) NULL, "descriptons" text NOT NULL, "descriptons_ru" text NULL, "descriptons_ky" text NULL, "descriptons_en" text NULL);
INSERT INTO project_project VALUES(1,'Бизнес-проекты','Бизнес-проекты','Бизнес-долбоорлор','Business projects',replace(replace('Готовы привлечь инвестиции для вашего бизнес-проекта? Участвуйте в инвестиционном форуме BIF 2024 и представьте свой бизнес перед ведущими инвесторами. Получите шанс на финансирование до 4,5 миллионов долларов!\r\n\r\nВ этом году будет отобраны 100 бизнес-проектов для размещения в каталоге BIF 2024, из которых 15 лучших смогут выступить на форуме с презентацией.','\r',char(13)),'\n',char(10)),replace(replace('Готовы привлечь инвестиции для вашего бизнес-проекта? Участвуйте в инвестиционном форуме BIF 2024 и представьте свой бизнес перед ведущими инвесторами. Получите шанс на финансирование до 4,5 миллионов долларов!\r\n\r\nВ этом году будет отобраны 100 бизнес-проектов для размещения в каталоге BIF 2024, из которых 15 лучших смогут выступить на форуме с презентацией.','\r',char(13)),'\n',char(10)),replace(replace('Сиз бизнес-долбооруңузга инвестиция тартууга даярсызбы?\r\nBIF 2024 форумуна катышып, ишкердигиңизди алдыңкы инвесторлорго тартуулап, 4,5 миллион долларга чейин каржылоо мүмкүнчүлүгүн алыңыз!\r\n\r\nБыйыл BIF 2024 каталогуна киргизүү үчүн 100 бизнес-долбоор тандалат, алардын ичинен эң мыкты 15 долбоор форумда презентация жасай алат.','\r',char(13)),'\n',char(10)),replace(replace('Ready to attract investment for your business project? Participate in the BIF 2024 Investment Forum and present your business in front of leading investors. Get a chance for funding up to 4.5 million dollars!\r\n\r\nThis year, 100 business projects will be selected for placement in the BIF 2024 catalog, of which 15 best will be able to make a presentation at the forum.','\r',char(13)),'\n',char(10)));
CREATE TABLE IF NOT EXISTS "project_yearlycatalog" ("id" integer NOT NULL PRIMARY KEY AUTOINCREMENT, "year" integer NOT NULL, "image" varchar(100) NOT NULL, "image_ru" varchar(100) NULL, "image_ky" varchar(100) NULL, "image_en" varchar(100) NULL);
INSERT INTO project_yearlycatalog VALUES(1,2015,'catalog_images/project1.png','catalog_images/project1.png','','');
INSERT INTO project_yearlycatalog VALUES(2,2016,'catalog_images/project2.png','catalog_images/project2.png','','');
INSERT INTO project_yearlycatalog VALUES(3,2017,'catalog_images/project3.png','catalog_images/project3.png','','');
INSERT INTO project_yearlycatalog VALUES(4,2019,'catalog_images/project4.png','catalog_images/project4.png','','');
INSERT INTO project_yearlycatalog VALUES(5,2022,'catalog_images/project5.png','catalog_images/project5.png','','');
CREATE TABLE IF NOT EXISTS "project_businessproject" ("id" integer NOT NULL PRIMARY KEY AUTOINCREMENT, "title" varchar(255) NULL, "title_ru" varchar(255) NULL, "title_ky" varchar(255) NULL, "title_en" varchar(255) NULL, "descriptons" varchar(255) NULL, "descriptons_ru" varchar(255) NULL, "descriptons_ky" varchar(255) NULL, "descriptons_en" varchar(255) NULL, "scroll_id" bigint NOT NULL REFERENCES "project_scroll" ("id") DEFERRABLE INITIALLY DEFERRED);
INSERT INTO project_businessproject VALUES(1,'Участие открыто для всех предпринимателей с действующим бизнесом!','Участие открыто для всех предпринимателей с действующим бизнесом!','Катышуу ишмердүүлүгү уланып жаткан бардык ишкерлер үчүн ачык.','Participation is open to all entrepreneurs with existing businesses!','Необходимо','Необходимо','Катталуу үчүн юридикалык жак сөзсүз түрдө','It is necessary to',1);
CREATE TABLE IF NOT EXISTS "django_session" ("session_key" varchar(40) NOT NULL PRIMARY KEY, "session_data" text NOT NULL, "expire_date" datetime NOT NULL);
INSERT INTO django_session VALUES('zsg3xuf1h1ccnxl7zdzyhgr4m8a4cq3k','.eJxVjDsOwjAQBe_iGllZf2NKes5geb1rHECOFCcV4u4QKQW0b2beS8S0rTVunZc4kTgLEKffDVN-cNsB3VO7zTLPbV0mlLsiD9rldSZ-Xg7376CmXr-1Bi6MTidNmABDcMaBGxQE66kQGo_sdeY8-JK9wpEzElg1WrYGEMX7A_hTOIs:1sYLWR:dOREyByBIC2YhIGJCKOdTxgwavfWJrXzRyTSVhnYFjo','2024-08-12 08:14:23.610374');
INSERT INTO django_session VALUES('g32m4r5mjmn79fcow67sc03zc7q3kppa','.eJxVjDsOwjAQBe_iGllZf2NKes5geb1rHECOFCcV4u4QKQW0b2beS8S0rTVunZc4kTgLEKffDVN-cNsB3VO7zTLPbV0mlLsiD9rldSZ-Xg7376CmXr-1Bi6MTidNmABDcMaBGxQE66kQGo_sdeY8-JK9wpEzElg1WrYGEMX7A_hTOIs:1sYLdm:o3xUVvfxIWwOBhcZZ1XkSbEssp9GH388ZndycRn9Zic','2024-08-12 08:21:58.581306');
INSERT INTO django_session VALUES('t1evosk36oxse129wvqisdxxnaxhfgax','.eJxVjDsOwjAQBe_iGllZf2NKes5geb1rHECOFCcV4u4QKQW0b2beS8S0rTVunZc4kTgLEKffDVN-cNsB3VO7zTLPbV0mlLsiD9rldSZ-Xg7376CmXr-1Bi6MTidNmABDcMaBGxQE66kQGo_sdeY8-JK9wpEzElg1WrYGEMX7A_hTOIs:1sYkGj:cv9I_HKNh-ZBF-x8TMIUCA6NjRBR-zlt4H39GpPvFWE','2024-08-13 10:39:49.636681');
INSERT INTO django_session VALUES('qmw08kvfjt5gzgros8sy7h016cnt48nl','.eJxVjDsOwjAQBe_iGllZf2NKes5geb1rHECOFCcV4u4QKQW0b2beS8S0rTVunZc4kTgLEKffDVN-cNsB3VO7zTLPbV0mlLsiD9rldSZ-Xg7376CmXr-1Bi6MTidNmABDcMaBGxQE66kQGo_sdeY8-JK9wpEzElg1WrYGEMX7A_hTOIs:1sZ7ex:IO874_VbN-F8HrwSYSkAJpepAvUQgzOzkFDxRIPgs8A','2024-08-14 11:38:23.945314');
INSERT INTO django_session VALUES('5ptpx5tl98hdfywbsuaxn391ox1em3nq','.eJxVjDsOwjAQBe_iGllZf2NKes5geb1rHECOFCcV4u4QKQW0b2beS8S0rTVunZc4kTgLEKffDVN-cNsB3VO7zTLPbV0mlLsiD9rldSZ-Xg7376CmXr-1Bi6MTidNmABDcMaBGxQE66kQGo_sdeY8-JK9wpEzElg1WrYGEMX7A_hTOIs:1sZSIK:XABMiX347DR13Brayxh8k6gweU8EaMqSqLdHv_2RG4c','2024-08-15 09:40:24.028336');
INSERT INTO django_session VALUES('6m9u2a7zfthum2461nfu7t3s1g5tyry3','.eJxVjDsOwjAQBe_iGllZf2NKes5geb1rHECOFCcV4u4QKQW0b2beS8S0rTVunZc4kTgLEKffDVN-cNsB3VO7zTLPbV0mlLsiD9rldSZ-Xg7376CmXr-1Bi6MTidNmABDcMaBGxQE66kQGo_sdeY8-JK9wpEzElg1WrYGEMX7A_hTOIs:1sZSNA:xTRwoYvr4akoB0yby1tlq61ZkqPpNWgAOdoyyTqCjZw','2024-08-15 09:45:24.855093');
INSERT INTO django_session VALUES('2kb2gfqug8h0g5oaurwrvoik5m6ptx89','.eJxVjDsOwjAQBe_iGllZf2NKes5geb1rHECOFCcV4u4QKQW0b2beS8S0rTVunZc4kTgLEKffDVN-cNsB3VO7zTLPbV0mlLsiD9rldSZ-Xg7376CmXr-1Bi6MTidNmABDcMaBGxQE66kQGo_sdeY8-JK9wpEzElg1WrYGEMX7A_hTOIs:1sZU8C:yHv-6gzn7aZUiU5bxTDFSkpRFeN8YLVuDtBhV9BE0mA','2024-08-15 11:38:04.200628');
INSERT INTO django_session VALUES('2wu6kalta200osf23akznsxae1zhc8ln','.eJxVjDsOwjAQBe_iGllZf2NKes5geb1rHECOFCcV4u4QKQW0b2beS8S0rTVunZc4kTgLEKffDVN-cNsB3VO7zTLPbV0mlLsiD9rldSZ-Xg7376CmXr-1Bi6MTidNmABDcMaBGxQE66kQGo_sdeY8-JK9wpEzElg1WrYGEMX7A_hTOIs:1sZZbc:V9lk-sFUneoqLV6BBOfTk9kYl8ofsU2RMMbyYpPbUfc','2024-08-15 17:28:48.019330');
INSERT INTO django_session VALUES('tytet81xhu7233pi6chkldvyvkg99i1w','.eJxVjDsOwjAQBe_iGllZf2NKes5geb1rHECOFCcV4u4QKQW0b2beS8S0rTVunZc4kTgLEKffDVN-cNsB3VO7zTLPbV0mlLsiD9rldSZ-Xg7376CmXr-1Bi6MTidNmABDcMaBGxQE66kQGo_sdeY8-JK9wpEzElg1WrYGEMX7A_hTOIs:1sZa2B:hTQHhyFaMza8K_Sf_PHsHvv-rQChryXoCwPQbT55G7A','2024-08-15 17:56:15.271641');
CREATE TABLE IF NOT EXISTS "base_about_the_forum" ("id" integer NOT NULL PRIMARY KEY AUTOINCREMENT, "title" varchar(255) NOT NULL, "title_ru" varchar(255) NULL, "title_ky" varchar(255) NULL, "title_en" varchar(255) NULL, "descriptions" varchar(155) NOT NULL, "descriptions_ru" varchar(155) NULL, "descriptions_ky" varchar(155) NULL, "descriptions_en" varchar(155) NULL);
INSERT INTO base_about_the_forum VALUES(1,'О форуме','О форуме',NULL,NULL,'Бишкекский Инвестиционный Форум - площадка для взаимодействия МСБ с крупными компаниями, инвесторами, парламентариями и представителями международных орган','Бишкекский Инвестиционный Форум - площадка для взаимодействия МСБ с крупными компаниями, инвесторами, парламентариями и представителями международных орган',NULL,NULL);
CREATE TABLE IF NOT EXISTS "base_what_will_title" ("id" integer NOT NULL PRIMARY KEY AUTOINCREMENT, "title" varchar(255) NOT NULL, "title_ru" varchar(255) NULL, "title_ky" varchar(255) NULL, "title_en" varchar(255) NULL, "descriptions" varchar(155) NOT NULL, "descriptions_ru" varchar(155) NULL, "descriptions_ky" varchar(155) NULL, "descriptions_en" varchar(155) NULL);
INSERT INTO base_what_will_title VALUES(1,'Что вас будет ждать на главном бизнес событии года?','Что вас будет ждать на главном бизнес событии года?','Жылдын негизги бизнес иш-чараларында сизди эмне күтөт?','What''s in store for you at the top business events of the year?','BIF 2024 - Green  Economy 2024','BIF 2024 - Green  Economy 2024','BIF 2024 - Green  Economy 2024','BIF 2024 - Green  Economy 2024');
CREATE TABLE IF NOT EXISTS "exhibition_slider" ("id" integer NOT NULL PRIMARY KEY AUTOINCREMENT, "image" varchar(100) NOT NULL, "image_ru" varchar(100) NULL, "image_ky" varchar(100) NULL, "image_en" varchar(100) NULL, "image_2" varchar(100) NOT NULL, "image_2_en" varchar(100) NULL, "image_2_ky" varchar(100) NULL, "image_2_ru" varchar(100) NULL);
INSERT INTO exhibition_slider VALUES(6,'slider_exhibition/slider1.png','slider_exhibition/slider1.png','','','slider_exhibition/slider2_NidQxNM.png','','','slider_exhibition/slider2_NidQxNM.png');
INSERT INTO exhibition_slider VALUES(7,'slider_exhibition/slider3_rAhFWiw.png','slider_exhibition/slider3_rAhFWiw.png','','','slider_exhibition/slider4_7vYhTMF.png','','','slider_exhibition/slider4_7vYhTMF.png');
INSERT INTO exhibition_slider VALUES(8,'slider_exhibition/slider5.png','slider_exhibition/slider5.png','','','slider_exhibition/slider6.png','','','slider_exhibition/slider6.png');
INSERT INTO exhibition_slider VALUES(9,'slider_exhibition/slider7.png','slider_exhibition/slider7.png','','','slider_exhibition/slider8.png','','','slider_exhibition/slider8.png');
INSERT INTO exhibition_slider VALUES(10,'slider_exhibition/slider9.png','slider_exhibition/slider9.png','','','slider_exhibition/slider10.png','','','slider_exhibition/slider10.png');
INSERT INTO exhibition_slider VALUES(11,'slider_exhibition/slider11.png','slider_exhibition/slider11.png','','','slider_exhibition/slider12.png','','','slider_exhibition/slider12.png');
CREATE TABLE IF NOT EXISTS "about_about" ("id" integer NOT NULL PRIMARY KEY AUTOINCREMENT, "title" varchar(255) NOT NULL, "title_ru" varchar(255) NULL, "title_ky" varchar(255) NULL, "title_en" varchar(255) NULL, "descriptions" text NOT NULL, "descriptions_ru" text NULL, "descriptions_ky" text NULL, "descriptions_en" text NULL);
INSERT INTO about_about VALUES(1,'О проекте','О проекте','Долбоор жөнүндө','About project',replace(replace('Бишкекский Инвестиционный Форум (BIF) - эта площадка, где встречаются МСБ с крупным бизнесом, внутренними и зарубежными инвесторами, представителями парламентариев и государственных структур, международных и местных организаций, посольств и бизнес сообщества. В рамках форума презентуются самые успешные и перспективные бизнес проекты, обсуждение ожидаемых трендов и изменения в экономике и бизнес среде и новые векторы сотрудничества для предпринимателей.\r\nBIF это уникальная возможность для презентации самых лучших бизнес проектов, поиска динамично растущего бизнеса для инвестиций и потенциальных инвесторов/бизнес партнеров для заключения реальных контрактов и соглашений.\r\n\r\nЗа прошедшие годы BIF продемонстрировал высокий спрос на платформу, где предприниматели могут встретиться напрямую с инвесторами и потенциальными партнерами в своей сфере деятельности. По результатам предыдущих лет, а именно с 2015 по 2022 были заключены успешные сделки на сумму более чем 20 $ млн.','\r',char(13)),'\n',char(10)),replace(replace('Бишкекский Инвестиционный Форум (BIF) - эта площадка, где встречаются МСБ с крупным бизнесом, внутренними и зарубежными инвесторами, представителями парламентариев и государственных структур, международных и местных организаций, посольств и бизнес сообщества. В рамках форума презентуются самые успешные и перспективные бизнес проекты, обсуждение ожидаемых трендов и изменения в экономике и бизнес среде и новые векторы сотрудничества для предпринимателей.\r\nBIF это уникальная возможность для презентации самых лучших бизнес проектов, поиска динамично растущего бизнеса для инвестиций и потенциальных инвесторов/бизнес партнеров для заключения реальных контрактов и соглашений.\r\n\r\nЗа прошедшие годы BIF продемонстрировал высокий спрос на платформу, где предприниматели могут встретиться напрямую с инвесторами и потенциальными партнерами в своей сфере деятельности. По результатам предыдущих лет, а именно с 2015 по 2022 были заключены успешные сделки на сумму более чем 20 $ млн.','\r',char(13)),'\n',char(10)),replace(replace('Бишкек Инвестициялык Форуму (BIF) чакан жана орто бизнестин ири бизнес өкүлдөрү, ата мекендик жана чет элдик инвесторлор, парламентарийлердин жана мамлекеттик органдардын, эл аралык жана жергиликтүү уюмдардын, элчиликтердин жана бизнес-коомчулуктун өкүлдөрү менен жолугушкан аянтча. Форумда эң ийгиликтүү жана келечектүү бизнес долбоорлор сунушталып, экономикадагы жана бизнес чөйрөсүндөгү күтүлүп жаткан тенденциялар жана өзгөрүүлөр, ишкерлер үчүн кызматташуунун жаңы векторлору талкууланат.\r\nBIF – бул эң мыкты бизнес долбоорлорду көрсөтүү, инвестиция үчүн динамикалуу өнүгүп жаткан бизнести, реалдуу келишимдерди жана макулдашууларды түзүү үчүн потенциалдуу инвесторлорду/бизнес өнөктөштөрдү издөөнүн уникалдуу мүмкүнчүлүгү.\r\n\r\nКөптөгөн жылдар бою BIF ишкерлер өз тармагындагы инвесторлор жана потенциалдуу өнөктөштөр менен түз жолуга турган аянтчага жогорку суроо-талапты көрсөттү. Өткөн жылдардын жыйынтыгы боюнча, тактап айтканда 2015-жылдан 2022-жылга чейин 20 миллион доллардан ашык суммага ийгиликтүү бүтүмдөр түзүлгөн.','\r',char(13)),'\n',char(10)),replace(replace('Bishkek Investment Forum (BIF) is a platform where SMEs meet with large businesses, domestic and foreign investors, representatives of parliamentarians and government agencies, international and local organizations, embassies and the business community. The forum presents the most successful and promising business projects, discussion of expected trends and changes in the economy and business environment and new vectors of cooperation for entrepreneurs.\r\nBIF is a unique opportunity to present the best business projects, search for dynamically growing businesses for investment and potential investors/business partners to conclude real contracts and agreements.\r\n\r\nOver the past years, BIF has demonstrated a high demand for a platform where entrepreneurs can meet directly with investors and potential partners in their field of activity. Based on the results of the previous years, namely from 2015 to 2022, successful deals worth more than 20$ million were concluded.','\r',char(13)),'\n',char(10)));
CREATE TABLE IF NOT EXISTS "about_aboutbanner" ("id" integer NOT NULL PRIMARY KEY AUTOINCREMENT, "title" varchar(255) NOT NULL, "title_ru" varchar(255) NULL, "title_ky" varchar(255) NULL, "title_en" varchar(255) NULL, "descriptions" text NOT NULL, "descriptions_ru" text NULL, "descriptions_ky" text NULL, "descriptions_en" text NULL, "image" varchar(100) NOT NULL);
INSERT INTO about_aboutbanner VALUES(1,'Бишкекский Инвестиционный Форум','Бишкекский Инвестиционный Форум','Бишкек Инвестициялык Форуму','Bishkek Investment Forum','24-25 октябрь 2024','24-25 октябрь 2024','24-25-октябрь, 2024-жыл','24-25 October 2024','banners/Открытие_форума_-_Председатель_б-а_JIA_Жоодар_Омошов_2.jpg');
CREATE TABLE IF NOT EXISTS "about_gallery" ("id" integer NOT NULL PRIMARY KEY AUTOINCREMENT, "image" varchar(100) NOT NULL);
INSERT INTO about_gallery VALUES(2,'image/image_2024-07-30_17-32-31_BMNUFfv.png');
INSERT INTO about_gallery VALUES(3,'image/image_2024-07-30_17-32-31_I7n5CTL.png');
INSERT INTO about_gallery VALUES(4,'image/image_2024-07-30_17-32-31_PKT3A75.png');
INSERT INTO about_gallery VALUES(5,'image/image_2024-07-30_17-32-31_L8YqgGE.png');
CREATE TABLE IF NOT EXISTS "about_history" ("id" integer NOT NULL PRIMARY KEY AUTOINCREMENT, "title" varchar(255) NOT NULL, "title_ru" varchar(255) NULL, "title_ky" varchar(255) NULL, "title_en" varchar(255) NULL, "descriptions" text NOT NULL, "descriptions_ru" text NULL, "descriptions_ky" text NULL, "descriptions_en" text NULL, "year_1" varchar(255) NOT NULL, "year_2" varchar(255) NOT NULL, "year_3" varchar(255) NOT NULL, "year_4" varchar(255) NOT NULL, "year_5" varchar(255) NOT NULL);
INSERT INTO about_history VALUES(1,'Истории','Истории',NULL,NULL,'Бишкекский Инвестиционный Форум является продуктом - Бизнес-Ассоциации JIA, которая реализуется при поддержке партнеров. Цель проекта - привлечение инвестиций в МСБ.','Бишкекский Инвестиционный Форум является продуктом - Бизнес-Ассоциации JIA, которая реализуется при поддержке партнеров. Цель проекта - привлечение инвестиций в МСБ.','','','2015','2016','2017','2019','2022');
CREATE TABLE IF NOT EXISTS "about_historydetail" ("id" integer NOT NULL PRIMARY KEY AUTOINCREMENT, "title" varchar(255) NOT NULL, "title_ru" varchar(255) NULL, "title_ky" varchar(255) NULL, "title_en" varchar(255) NULL, "descriptions" text NOT NULL, "descriptions_ru" text NULL, "descriptions_ky" text NULL, "descriptions_en" text NULL, "url" varchar(200) NULL, "url_ru" varchar(200) NULL, "url_ky" varchar(200) NULL, "url_en" varchar(200) NULL, "amount_invest" varchar(255) NOT NULL, "amount_invest_ru" varchar(255) NULL, "amount_invest_ky" varchar(255) NULL, "amount_invest_en" varchar(255) NULL, "amount_projet" varchar(255) NOT NULL, "amount_projet_ru" varchar(255) NULL, "amount_projet_ky" varchar(255) NULL, "amount_projet_en" varchar(255) NULL);
INSERT INTO about_historydetail VALUES(1,'2015 - «РАЗБУДИ ДЕНЬГИ!»','2015 - «РАЗБУДИ ДЕНЬГИ!»',NULL,NULL,'<p>Первый Бишкекский Инвестиционный форум состоялся в 2015 году. Бишкекский инвестиционный форум выступил мостом, на котором успешные компании в быстро растущем секторе экономики встретились с потенциальными инвесторами, где каждый имел возможность найти источник для увеличения капитала. Основной целью форума является привлечение инвестиций в малый и средний бизнес, создание платформы для налаживания деловых контактов, а также обмен современными технологиями, идеями, навыками и опытом по развитию бизнеса.</p>','<p>Первый Бишкекский Инвестиционный форум состоялся в 2015 году. Бишкекский инвестиционный форум выступил мостом, на котором успешные компании в быстро растущем секторе экономики встретились с потенциальными инвесторами, где каждый имел возможность найти источник для увеличения капитала. Основной целью форума является привлечение инвестиций в малый и средний бизнес, создание платформы для налаживания деловых контактов, а также обмен современными технологиями, идеями, навыками и опытом по развитию бизнеса.</p>','','','https://www.youtube.com/embed/6eGHHeuGpn4?si=Fst3UYxvNI4EpK9X','https://www.youtube.com/embed/6eGHHeuGpn4?si=Fst3UYxvNI4EpK9X','https://youtu.be/9PO9QkujvgI?si=nBOi-7pgXn-p0Aer',NULL,'Объем привлеченных инвестиций (USD) - 700 000','Объем привлеченных инвестиций (USD) - 700 000',NULL,NULL,'Количество заявленных проектов - 116','Количество заявленных проектов - 116',NULL,NULL);
INSERT INTO about_historydetail VALUES(2,'2016 - «Место встречи предпринимателя и инвестора»','2016 - «Место встречи предпринимателя и инвестора»',NULL,NULL,'<p>BIF - 2016 стал мостом, на котором успешные компании в быстро растущем секторе экономики встретились с потенциальными инвесторами, где каждый нашел источник для увеличения капитала<strong>. <span style="color:#f39c12">Представители бизнеса соседних стран и кыргызского бизнеса обсудили экономическую ситуацию и бизнес тренды, вызовы и возможности в регионе и мире. Суммы запрашиваемых инвестиций для бизнес-проектов от $20 000 и свыше $2 000 000.</span></strong> Данные бизнес проекты были презентованы инвесторам из Индии, а также представителям крупного бизнеса Кыргызстана и инвестиционных институтов страны.</p>','<p>BIF - 2016 стал мостом, на котором успешные компании в быстро растущем секторе экономики встретились с потенциальными инвесторами, где каждый нашел источник для увеличения капитала<strong>. <span style="color:#f39c12">Представители бизнеса соседних стран и кыргызского бизнеса обсудили экономическую ситуацию и бизнес тренды, вызовы и возможности в регионе и мире. Суммы запрашиваемых инвестиций для бизнес-проектов от $20 000 и свыше $2 000 000.</span></strong> Данные бизнес проекты были презентованы инвесторам из Индии, а также представителям крупного бизнеса Кыргызстана и инвестиционных институтов страны.</p>','','','https://www.youtube.com/embed/YYfMImbxFCQ?si=wveoEPeyJvV0aFeO','https://www.youtube.com/embed/YYfMImbxFCQ?si=wveoEPeyJvV0aFeO','https://youtu.be/iWDraI2gvsc?si=5qJxiGJtWjQ4WNG_',NULL,'Объем привлеченных инвестиций (USD) - 3082000','Объем привлеченных инвестиций (USD) - 3082000',NULL,NULL,'Количество заявленных проектов - 250','Количество заявленных проектов - 250',NULL,NULL);
INSERT INTO about_historydetail VALUES(3,'2017','2017',NULL,NULL,'<p>Бишкекский Инвестиционный Форум 2017 (BIF 2017) &ndash; на сегодняшний день это самое крупное в Кыргызстане эффективное бизнес-событие, где на одной площадке предприниматели встречают своего потенциального инвестора. По результатам первого форума BIF 2015 более 10 компаний заключили сделки на сумму более $ 750 000, второго форума BIF 2016 более пяти сделок на сумму $ 3 млн. Помимо участия действующего среднего и крупного бизнеса, в этом году концепция форума предусматривает участие стартап проектов. В 2017 году особое внимание было уделено предпринимателям, действующим в южных регионах Кыргызской Республики.</p>','<p>Бишкекский Инвестиционный Форум 2017 (BIF 2017) &ndash; на сегодняшний день это самое крупное в Кыргызстане эффективное бизнес-событие, где на одной площадке предприниматели встречают своего потенциального инвестора. По результатам первого форума BIF 2015 более 10 компаний заключили сделки на сумму более $ 750 000, второго форума BIF 2016 более пяти сделок на сумму $ 3 млн. Помимо участия действующего среднего и крупного бизнеса, в этом году концепция форума предусматривает участие стартап проектов. В 2017 году особое внимание было уделено предпринимателям, действующим в южных регионах Кыргызской Республики.</p>','','',NULL,NULL,'https://youtu.be/daJ8ATRzt2Q?si=UXByoG6k-kkLgeZK','https://youtu.be/4gUTrRE4X4o?si=yc1-u5GyiBd4Uz6p','Объем привлеченных инвестиций (USD) - 6035000','Объем привлеченных инвестиций (USD) - 6035000',NULL,NULL,'Количество заявленных проектов - 350','Количество заявленных проектов - 350',NULL,NULL);
INSERT INTO about_historydetail VALUES(4,'2019 - «The Future is Now»','2019 - «The Future is Now»',NULL,NULL,'<p>Самые яркие кыргызстанские предприниматели, задающие тренды в своих сферах и добивающиеся успехов на глобальном рынке, говорили о трендах и технологиях. Представители центрально-азиатского бизнеса обсудили вопросы регионального экономического сотрудничества.Основные фокусы BIF 2019: IT и доступ к финансовым технологиям, женское предпринимательство, зеленые технологии и e-commerce.</p>','<p>Самые яркие кыргызстанские предприниматели, задающие тренды в своих сферах и добивающиеся успехов на глобальном рынке, говорили о трендах и технологиях. Представители центрально-азиатского бизнеса обсудили вопросы регионального экономического сотрудничества.Основные фокусы BIF 2019: IT и доступ к финансовым технологиям, женское предпринимательство, зеленые технологии и e-commerce.</p>','','','https://www.youtube.com/embed/yskQ5jogWOQ?si=m65CZMnGSI79SGW9','https://www.youtube.com/embed/yskQ5jogWOQ?si=m65CZMnGSI79SGW9',NULL,NULL,'Объем привлеченных инвестиций (USD) - 3 000 000','Объем привлеченных инвестиций (USD) - 3 000 000',NULL,NULL,'Количество заявленных проектов - 350','Количество заявленных проектов - 350',NULL,NULL);
INSERT INTO about_historydetail VALUES(5,'2022 - «DAVOS в Центральной Азии»','2022 - «DAVOS в Центральной Азии»',NULL,NULL,'<p>Бишкекский Инвестиционный форум стал уникальной площадкой для обсуждения и решения вопросов бизнеса и развития экономики региона в различных форматах. Основные темы BIF - 2022: &laquo;Перспективы экономической интеграции в Центральной Азии&raquo;; &laquo;Продовольственная безопасность и международная торговля в Центральной Азии&raquo;.</p>','<p>Бишкекский Инвестиционный форум стал уникальной площадкой для обсуждения и решения вопросов бизнеса и развития экономики региона в различных форматах. Основные темы BIF - 2022: &laquo;Перспективы экономической интеграции в Центральной Азии&raquo;; &laquo;Продовольственная безопасность и международная торговля в Центральной Азии&raquo;.</p>','','','https://www.youtube.com/embed/4UPVSX9ymyg?si=rkBtKeB85pEvyU3l','https://www.youtube.com/embed/4UPVSX9ymyg?si=rkBtKeB85pEvyU3l',NULL,NULL,'Объем привлеченных инвестиций (USD) - 8 000 000','Объем привлеченных инвестиций (USD) - 8 000 000',NULL,NULL,'Количество заявленных проектов - 400','Количество заявленных проектов - 400',NULL,NULL);
CREATE TABLE IF NOT EXISTS "about_statistics" ("id" integer NOT NULL PRIMARY KEY AUTOINCREMENT, "title" varchar(255) NOT NULL, "title_ru" varchar(255) NULL, "title_ky" varchar(255) NULL, "title_en" varchar(255) NULL, "descriptions" text NOT NULL, "descriptions_ru" text NULL, "descriptions_ky" text NULL, "descriptions_en" text NULL);
INSERT INTO about_statistics VALUES(1,'20 млн $','20 млн $','20 млн $','$20 million','Общая сумма привлеченных инвестиций','Общая сумма привлеченных инвестиций','Тартылган инвестициялардын жалпы суммасы','Total amount of attracted investments');
INSERT INTO about_statistics VALUES(2,'198','198','198','198','Количество проектов попавших в каталог','Количество проектов попавших в каталог','Каталогго киргизилген долбоорлордун саны','Number of projects included in the catalog');
INSERT INTO about_statistics VALUES(3,'44','44','44','44','Количество чемпионых проектов, представленных на форуме','Количество чемпионых проектов, представленных на форуме','Гандикапка берилген чемпиондук долбоорлордун саны','Number of champion projects submitted to the handicap');
CREATE TABLE IF NOT EXISTS "about_gallerytitle" ("id" integer NOT NULL PRIMARY KEY AUTOINCREMENT, "title" varchar(255) NULL, "title_ru" varchar(255) NULL, "title_ky" varchar(255) NULL, "title_en" varchar(255) NULL);
INSERT INTO about_gallerytitle VALUES(1,'Фотографии','Фотографии','Сүрөттөр','Photos');
CREATE TABLE IF NOT EXISTS "project_scroll" ("id" integer NOT NULL PRIMARY KEY AUTOINCREMENT, "title_ru" varchar(255) NULL, "title_ky" varchar(255) NULL, "title_en" varchar(255) NULL, "image" varchar(100) NULL, "image_ru" varchar(100) NULL, "image_ky" varchar(100) NULL, "image_en" varchar(100) NULL, "title" varchar(255) NULL);
INSERT INTO project_scroll VALUES(1,'Предоставить все необходимые документы, подтверждающие законность деятельности юридического лица.','Катышуу ишмердүүлүгү уланып жаткан бардык ишкерлер үчүн ачык.','Participation is open to all entrepreneurs with existing businesses!','image/bif_logo_SVG_1.png','image/bif_logo_SVG_1.png','image/bif_logo_SVG_1_YlW7Mpn.png','image/bif_logo_SVG_1_aJ5tFlQ.png','Предоставить все необходимые документы, подтверждающие законность деятельности юридического лица.');
INSERT INTO project_scroll VALUES(3,'Крайний срок подачи заявок: 05.09.2024 до 18:00','Катталуунун мөөнөтү: 05.09.2024 саат 18:00гө чейин','Deadline for submitting applications: 05.09.2024 until 18:00.','image/bif_logo_SVG_1_8Ahrl4Y.png','image/bif_logo_SVG_1_8Ahrl4Y.png','image/bif_logo_SVG_1_JPA1mnL.png','image/bif_logo_SVG_1_qBaV1dE.png','Крайний срок подачи заявок: 05.09.2024 до 18:00');
INSERT INTO project_scroll VALUES(4,'За дополнительной информацией: +996 999 895 362','Толук маалымат алуу үчүн: +996 999 895 362','For more information: +996 999 895 362','image/bif_logo_SVG_1_vjYhgcO.png','image/bif_logo_SVG_1_vjYhgcO.png','image/bif_logo_SVG_1_sRNqJ0W.png','image/bif_logo_SVG_1_yuGXJmC.png','За дополнительной информацией: +996 999 895 362');
CREATE TABLE IF NOT EXISTS "base_whatwill" ("id" integer NOT NULL PRIMARY KEY AUTOINCREMENT, "title" varchar(155) NOT NULL, "title_ru" varchar(155) NULL, "title_ky" varchar(155) NULL, "title_en" varchar(155) NULL, "image" varchar(100) NOT NULL, "what_will_title_id" bigint NOT NULL REFERENCES "base_what_will_title" ("id") DEFERRABLE INITIALLY DEFERRED);
INSERT INTO base_whatwill VALUES(1,'Выставка','Выставка','Көргөзмө','Expo','image/Frame_101_1_ixOWqNY.png',1);
INSERT INTO base_whatwill VALUES(2,'Презентации бизнес-проектов','Презентации бизнес-проектов','Бизнес долбоорлордун презентациясы','Presentations of business projects','image/Frame_102.png',1);
INSERT INTO base_whatwill VALUES(3,'Мастер классы','Мастер классы','Мастер класстар','Master classes','image/Frame_103.png',1);
INSERT INTO base_whatwill VALUES(4,'Панельные сессии','Панельные сессии','Панель сессиялары','Panel sessions','image/Frame_104.png',1);
CREATE TABLE IF NOT EXISTS "base_video" ("id" integer NOT NULL PRIMARY KEY AUTOINCREMENT, "title" varchar(255) NOT NULL, "title_ru" varchar(255) NULL, "title_ky" varchar(255) NULL, "title_en" varchar(255) NULL, "descriptions" text NOT NULL, "descriptions_ky" text NULL, "descriptions_en" text NULL, "url" varchar(200) NULL, "url_ru" varchar(200) NULL, "url_ky" varchar(200) NULL, "url_en" varchar(200) NULL, "descriptions_ru" text NULL);
INSERT INTO base_video VALUES(1,'BIF 2022','BIF 2022',NULL,NULL,replace(replace('<p>20 ноября состоялся Бишкекский Инвестиционный форум BIF 2022, одно из крупнейших бизнес мероприятий в Центральной Азии.&nbsp;</p>\r\n\r\n<p>BIF 2022 &mdash; это:</p>\r\n\r\n<ul>\r\n	<li>500 потенциальных инвесторов;</li>\r\n	<li>2,5 млн привлеченных инвестиций;</li>\r\n	<li>10 международных бизнес-делегаций;</li>\r\n	<li>2500 участников.</li>\r\n</ul>','\r',char(13)),'\n',char(10)),'',NULL,'https://www.youtube.com/watch?si=4g5GUTC3o2QWY4of&v=4UPVSX9ymyg&feature=youtu.be','https://www.youtube.com/watch?si=4g5GUTC3o2QWY4of&v=4UPVSX9ymyg&feature=youtu.be',NULL,NULL,replace(replace('<p>20 ноября состоялся Бишкекский Инвестиционный форум BIF 2022, одно из крупнейших бизнес мероприятий в Центральной Азии.&nbsp;</p>\r\n\r\n<p>BIF 2022 &mdash; это:</p>\r\n\r\n<ul>\r\n	<li>500 потенциальных инвесторов;</li>\r\n	<li>2,5 млн привлеченных инвестиций;</li>\r\n	<li>10 международных бизнес-делегаций;</li>\r\n	<li>2500 участников.</li>\r\n</ul>','\r',char(13)),'\n',char(10)));
INSERT INTO base_video VALUES(2,'Green Economy 2022','Green Economy 2022',NULL,NULL,replace(replace('<p>11 ноября прошел форум &laquo;Зеленая Экономика - 2022&raquo;, который был посвящен вопросам развития зеленой экономики в Центральной Азии.<br />\r\n<br />\r\nГлавные задачи форума &laquo;Зеленая Экономика - 2022&raquo; &mdash; налаживание и повышение потенциала деловых связей, обмен опытом и выработка единых позиций по продвижению региона Центральной Азии в качестве.</p>','\r',char(13)),'\n',char(10)),'',NULL,'https://www.youtube.com/watch?v=yBJ3AlRBAw8','https://www.youtube.com/watch?v=yBJ3AlRBAw8',NULL,NULL,replace(replace('<p>11 ноября прошел форум &laquo;Зеленая Экономика - 2022&raquo;, который был посвящен вопросам развития зеленой экономики в Центральной Азии.<br />\r\n<br />\r\nГлавные задачи форума &laquo;Зеленая Экономика - 2022&raquo; &mdash; налаживание и повышение потенциала деловых связей, обмен опытом и выработка единых позиций по продвижению региона Центральной Азии в качестве.</p>','\r',char(13)),'\n',char(10)));
CREATE TABLE IF NOT EXISTS "base_slidertitle" ("id" integer NOT NULL PRIMARY KEY AUTOINCREMENT, "title" text NOT NULL, "title_ky" text NULL, "title_en" text NULL, "title_ru" text NULL);
INSERT INTO base_slidertitle VALUES(1,'Default Title',NULL,NULL,'Default Title');
CREATE TABLE IF NOT EXISTS "financing_image" ("id" integer NOT NULL PRIMARY KEY AUTOINCREMENT, "image" varchar(100) NOT NULL);
INSERT INTO financing_image VALUES(1,'image/Без_названия_nBHIsth.png');
CREATE TABLE IF NOT EXISTS "financing_nameinfo" ("id" integer NOT NULL PRIMARY KEY AUTOINCREMENT, "title" varchar(255) NOT NULL, "title_ru" varchar(255) NULL, "title_ky" varchar(255) NULL, "title_en" varchar(255) NULL, "descriptions" text NOT NULL, "descriptions_ru" text NULL, "descriptions_ky" text NULL, "descriptions_en" text NULL);
CREATE TABLE IF NOT EXISTS "financing_imageform" ("id" integer NOT NULL PRIMARY KEY AUTOINCREMENT, "image" varchar(100) NOT NULL, "image_ru" varchar(100) NOT NULL,  "image_en" varchar(100) NOT NULL, "image_ky" varchar(100) NOT NULL, "titlename_id" bigint NOT NULL REFERENCES "financing_nameinfo" ("id") DEFERRABLE INITIALLY DEFERRED);
DELETE FROM sqlite_sequence;
INSERT INTO sqlite_sequence VALUES('django_migrations',60);
INSERT INTO sqlite_sequence VALUES('django_admin_log',150);
INSERT INTO sqlite_sequence VALUES('django_content_type',37);
INSERT INTO sqlite_sequence VALUES('auth_permission',152);
INSERT INTO sqlite_sequence VALUES('auth_group',0);
INSERT INTO sqlite_sequence VALUES('auth_user',1);
INSERT INTO sqlite_sequence VALUES('project_project',1);
INSERT INTO sqlite_sequence VALUES('exhibition_exhibition',1);
INSERT INTO sqlite_sequence VALUES('base_banner',1);
INSERT INTO sqlite_sequence VALUES('financing_financing',1);
INSERT INTO sqlite_sequence VALUES('financing_legalname',6);
INSERT INTO sqlite_sequence VALUES('financing_sector',31);
INSERT INTO sqlite_sequence VALUES('financing_reach',5);
INSERT INTO sqlite_sequence VALUES('exhibition_slider',11);
INSERT INTO sqlite_sequence VALUES('project_yearlycatalog',5);
INSERT INTO sqlite_sequence VALUES('project_businessproject',1);
INSERT INTO sqlite_sequence VALUES('about_gallerytitle',1);
INSERT INTO sqlite_sequence VALUES('about_gallery',6);
INSERT INTO sqlite_sequence VALUES('about_aboutbanner',1);
INSERT INTO sqlite_sequence VALUES('about_history',1);
INSERT INTO sqlite_sequence VALUES('about_historydetail',5);
INSERT INTO sqlite_sequence VALUES('about_about',1);
INSERT INTO sqlite_sequence VALUES('about_statistics',3);
INSERT INTO sqlite_sequence VALUES('project_scroll',4);
INSERT INTO sqlite_sequence VALUES('base_base',1);
INSERT INTO sqlite_sequence VALUES('base_about_the_forum',1);
INSERT INTO sqlite_sequence VALUES('base_what_will_title',1);
INSERT INTO sqlite_sequence VALUES('base_whatwill',4);
INSERT INTO sqlite_sequence VALUES('base_slider',1);
INSERT INTO sqlite_sequence VALUES('base_video',2);
INSERT INTO sqlite_sequence VALUES('base_slidertitle',1);
INSERT INTO sqlite_sequence VALUES('financing_image',1);
INSERT INTO sqlite_sequence VALUES('financing_imageform',0);
CREATE UNIQUE INDEX "auth_group_permissions_group_id_permission_id_0cd325b0_uniq" ON "auth_group_permissions" ("group_id", "permission_id");
CREATE INDEX "auth_group_permissions_group_id_b120cbf9" ON "auth_group_permissions" ("group_id");
CREATE INDEX "auth_group_permissions_permission_id_84c5c92e" ON "auth_group_permissions" ("permission_id");
CREATE UNIQUE INDEX "auth_user_groups_user_id_group_id_94350c0c_uniq" ON "auth_user_groups" ("user_id", "group_id");
CREATE INDEX "auth_user_groups_user_id_6a12ed8b" ON "auth_user_groups" ("user_id");
CREATE INDEX "auth_user_groups_group_id_97559544" ON "auth_user_groups" ("group_id");
CREATE UNIQUE INDEX "auth_user_user_permissions_user_id_permission_id_14a6b632_uniq" ON "auth_user_user_permissions" ("user_id", "permission_id");
CREATE INDEX "auth_user_user_permissions_user_id_a95ead1b" ON "auth_user_user_permissions" ("user_id");
CREATE INDEX "auth_user_user_permissions_permission_id_1fbb5f2c" ON "auth_user_user_permissions" ("permission_id");
CREATE INDEX "django_admin_log_content_type_id_c4bce8eb" ON "django_admin_log" ("content_type_id");
CREATE INDEX "django_admin_log_user_id_c564eba6" ON "django_admin_log" ("user_id");
CREATE UNIQUE INDEX "django_content_type_app_label_model_76bd3d3b_uniq" ON "django_content_type" ("app_label", "model");
CREATE UNIQUE INDEX "auth_permission_content_type_id_codename_01ab375a_uniq" ON "auth_permission" ("content_type_id", "codename");
CREATE INDEX "auth_permission_content_type_id_2f476e4b" ON "auth_permission" ("content_type_id");
CREATE INDEX "financing_reach_legal_name_id_8ccae78c" ON "financing_reach" ("legal_name_id");
CREATE INDEX "financing_reach_sector_id_477f32f5" ON "financing_reach" ("sector_id");
CREATE INDEX "project_businessproject_scroll_id_c5d34dfb" ON "project_businessproject" ("scroll_id");
CREATE INDEX "django_session_expire_date_a5c62663" ON "django_session" ("expire_date");
CREATE INDEX "base_whatwill_what_will_title_id_3252005d" ON "base_whatwill" ("what_will_title_id");
CREATE INDEX "financing_imageform_titlename_id_e7b59340" ON "financing_imageform" ("titlename_id");
COMMIT;
